a	b	cos	spearman_rho	class	dataset_a	dataset_b	shared_control	cat_subclass
cat_CKD12	cat_CKD34	0.897526	0.870509	within_dataset	cat	cat	True	same_compartment_diff_stage
cat_CKD12	cat_med_CKD12	0.706255	0.759698	within_dataset	cat	cat	False	same_stage_diff_compartment
cat_CKD12	cat_med_CKD34	0.76005	0.754549	within_dataset	cat	cat	False	diff_compartment_diff_stage
cat_CKD12	mouse_5D	0.247593	0.240714	cross_species	cat	podtreck	False	
cat_CKD12	mouse_2W	0.386086	0.435666	cross_species	cat	podtreck	False	
cat_CKD12	mouse_3W	0.362276	0.411167	cross_species	cat	podtreck	False	
cat_CKD12	IRI_2h	0.216292	0.261178	cross_species	cat	iri	False	
cat_CKD12	IRI_4h	0.246107	0.244183	cross_species	cat	iri	False	
cat_CKD12	IRI_24h	0.349819	0.378654	cross_species	cat	iri	False	
cat_CKD12	IRI_48h	0.416024	0.403805	cross_species	cat	iri	False	
cat_CKD12	IRI_72h	0.42316	0.395979	cross_species	cat	iri	False	
cat_CKD12	IRI_7d	0.48746	0.499348	cross_species	cat	iri	False	
cat_CKD12	IRI_14d	0.468167	0.45452	cross_species	cat	iri	False	
cat_CKD12	IRI_28d	0.454757	0.3911	cross_species	cat	iri	False	
cat_CKD12	IRI_12mo	0.57188	0.521088	cross_species	cat	iri	False	
cat_CKD34	cat_med_CKD12	0.729543	0.755372	within_dataset	cat	cat	False	diff_compartment_diff_stage
cat_CKD34	cat_med_CKD34	0.809045	0.727585	within_dataset	cat	cat	False	same_stage_diff_compartment
cat_CKD34	mouse_5D	0.335047	0.312487	cross_species	cat	podtreck	False	
cat_CKD34	mouse_2W	0.459456	0.498354	cross_species	cat	podtreck	False	
cat_CKD34	mouse_3W	0.431469	0.446549	cross_species	cat	podtreck	False	
cat_CKD34	IRI_2h	0.18155	0.179697	cross_species	cat	iri	False	
cat_CKD34	IRI_4h	0.278873	0.26613	cross_species	cat	iri	False	
cat_CKD34	IRI_24h	0.436483	0.423669	cross_species	cat	iri	False	
cat_CKD34	IRI_48h	0.473053	0.419743	cross_species	cat	iri	False	
cat_CKD34	IRI_72h	0.494061	0.447361	cross_species	cat	iri	False	
cat_CKD34	IRI_7d	0.512268	0.482402	cross_species	cat	iri	False	
cat_CKD34	IRI_14d	0.467162	0.429706	cross_species	cat	iri	False	
cat_CKD34	IRI_28d	0.500748	0.458932	cross_species	cat	iri	False	
cat_CKD34	IRI_12mo	0.529116	0.440492	cross_species	cat	iri	False	
cat_med_CKD12	cat_med_CKD34	0.762195	0.691794	within_dataset	cat	cat	True	same_compartment_diff_stage
cat_med_CKD12	mouse_5D	0.215904	0.243413	cross_species	cat	podtreck	False	
cat_med_CKD12	mouse_2W	0.373731	0.469597	cross_species	cat	podtreck	False	
cat_med_CKD12	mouse_3W	0.376531	0.444852	cross_species	cat	podtreck	False	
cat_med_CKD12	IRI_2h	0.179478	0.222885	cross_species	cat	iri	False	
cat_med_CKD12	IRI_4h	0.226817	0.243683	cross_species	cat	iri	False	
cat_med_CKD12	IRI_24h	0.367883	0.385145	cross_species	cat	iri	False	
cat_med_CKD12	IRI_48h	0.373179	0.395256	cross_species	cat	iri	False	
cat_med_CKD12	IRI_72h	0.381681	0.410831	cross_species	cat	iri	False	
cat_med_CKD12	IRI_7d	0.390288	0.482687	cross_species	cat	iri	False	
cat_med_CKD12	IRI_14d	0.357856	0.450979	cross_species	cat	iri	False	
cat_med_CKD12	IRI_28d	0.356017	0.453357	cross_species	cat	iri	False	
cat_med_CKD12	IRI_12mo	0.375053	0.446959	cross_species	cat	iri	False	
cat_med_CKD34	mouse_5D	0.278024	0.253943	cross_species	cat	podtreck	False	
cat_med_CKD34	mouse_2W	0.359992	0.397049	cross_species	cat	podtreck	False	
cat_med_CKD34	mouse_3W	0.377764	0.424592	cross_species	cat	podtreck	False	
cat_med_CKD34	IRI_2h	0.252199	0.289936	cross_species	cat	iri	False	
cat_med_CKD34	IRI_4h	0.255769	0.23444	cross_species	cat	iri	False	
cat_med_CKD34	IRI_24h	0.358945	0.341131	cross_species	cat	iri	False	
cat_med_CKD34	IRI_48h	0.441559	0.434272	cross_species	cat	iri	False	
cat_med_CKD34	IRI_72h	0.433522	0.403891	cross_species	cat	iri	False	
cat_med_CKD34	IRI_7d	0.467259	0.521585	cross_species	cat	iri	False	
cat_med_CKD34	IRI_14d	0.4146	0.441989	cross_species	cat	iri	False	
cat_med_CKD34	IRI_28d	0.337859	0.30803	cross_species	cat	iri	False	
cat_med_CKD34	IRI_12mo	0.487854	0.556322	cross_species	cat	iri	False	
mouse_5D	mouse_2W	0.692309	0.619118	within_dataset	podtreck	podtreck	True	
mouse_5D	mouse_3W	0.695756	0.603764	within_dataset	podtreck	podtreck	True	
mouse_5D	IRI_2h	0.064628	-0.029695	same_species_diff_dataset	podtreck	iri	False	
mouse_5D	IRI_4h	0.349126	0.31306	same_species_diff_dataset	podtreck	iri	False	
mouse_5D	IRI_24h	0.629521	0.557009	same_species_diff_dataset	podtreck	iri	False	
mouse_5D	IRI_48h	0.636681	0.555632	same_species_diff_dataset	podtreck	iri	False	
mouse_5D	IRI_72h	0.705762	0.637891	same_species_diff_dataset	podtreck	iri	False	
mouse_5D	IRI_7d	0.579855	0.471986	same_species_diff_dataset	podtreck	iri	False	
mouse_5D	IRI_14d	0.357767	0.238247	same_species_diff_dataset	podtreck	iri	False	
mouse_5D	IRI_28d	0.493908	0.408312	same_species_diff_dataset	podtreck	iri	False	
mouse_5D	IRI_12mo	0.417148	0.320256	same_species_diff_dataset	podtreck	iri	False	
mouse_2W	mouse_3W	0.953867	0.904806	within_dataset	podtreck	podtreck	True	
mouse_2W	IRI_2h	0.105985	0.148244	same_species_diff_dataset	podtreck	iri	False	
mouse_2W	IRI_4h	0.298922	0.333183	same_species_diff_dataset	podtreck	iri	False	
mouse_2W	IRI_24h	0.80234	0.732794	same_species_diff_dataset	podtreck	iri	False	
mouse_2W	IRI_48h	0.716239	0.687332	same_species_diff_dataset	podtreck	iri	False	
mouse_2W	IRI_72h	0.767529	0.771018	same_species_diff_dataset	podtreck	iri	False	
mouse_2W	IRI_7d	0.835981	0.782224	same_species_diff_dataset	podtreck	iri	False	
mouse_2W	IRI_14d	0.685397	0.639175	same_species_diff_dataset	podtreck	iri	False	
mouse_2W	IRI_28d	0.826006	0.7823	same_species_diff_dataset	podtreck	iri	False	
mouse_2W	IRI_12mo	0.646445	0.595921	same_species_diff_dataset	podtreck	iri	False	
mouse_3W	IRI_2h	0.107778	0.122257	same_species_diff_dataset	podtreck	iri	False	
mouse_3W	IRI_4h	0.299514	0.312144	same_species_diff_dataset	podtreck	iri	False	
mouse_3W	IRI_24h	0.778685	0.669874	same_species_diff_dataset	podtreck	iri	False	
mouse_3W	IRI_48h	0.75277	0.731293	same_species_diff_dataset	podtreck	iri	False	
mouse_3W	IRI_72h	0.785043	0.775252	same_species_diff_dataset	podtreck	iri	False	
mouse_3W	IRI_7d	0.812237	0.752653	same_species_diff_dataset	podtreck	iri	False	
mouse_3W	IRI_14d	0.637268	0.556659	same_species_diff_dataset	podtreck	iri	False	
mouse_3W	IRI_28d	0.757657	0.664829	same_species_diff_dataset	podtreck	iri	False	
mouse_3W	IRI_12mo	0.644791	0.624005	same_species_diff_dataset	podtreck	iri	False	
IRI_2h	IRI_4h	0.658673	0.473748	within_dataset	iri	iri	True	
IRI_2h	IRI_24h	0.180769	0.201874	within_dataset	iri	iri	True	
IRI_2h	IRI_48h	0.226506	0.205939	within_dataset	iri	iri	True	
IRI_2h	IRI_72h	0.232631	0.194733	within_dataset	iri	iri	True	
IRI_2h	IRI_7d	0.300497	0.366779	within_dataset	iri	iri	True	
IRI_2h	IRI_14d	0.515795	0.641414	within_dataset	iri	iri	True	
IRI_2h	IRI_28d	0.20816	0.255248	within_dataset	iri	iri	True	
IRI_2h	IRI_12mo	0.278642	0.341957	within_dataset	iri	iri	False	
IRI_4h	IRI_24h	0.357201	0.35396	within_dataset	iri	iri	True	
IRI_4h	IRI_48h	0.371916	0.351831	within_dataset	iri	iri	True	
IRI_4h	IRI_72h	0.415707	0.400515	within_dataset	iri	iri	True	
IRI_4h	IRI_7d	0.360845	0.359827	within_dataset	iri	iri	True	
IRI_4h	IRI_14d	0.300309	0.304934	within_dataset	iri	iri	True	
IRI_4h	IRI_28d	0.270518	0.24089	within_dataset	iri	iri	True	
IRI_4h	IRI_12mo	0.310734	0.302771	within_dataset	iri	iri	False	
IRI_24h	IRI_48h	0.832517	0.774124	within_dataset	iri	iri	True	
IRI_24h	IRI_72h	0.775187	0.703639	within_dataset	iri	iri	True	
IRI_24h	IRI_7d	0.788852	0.736817	within_dataset	iri	iri	True	
IRI_24h	IRI_14d	0.614342	0.55875	within_dataset	iri	iri	True	
IRI_24h	IRI_28d	0.675648	0.638636	within_dataset	iri	iri	True	
IRI_24h	IRI_12mo	0.570789	0.543437	within_dataset	iri	iri	False	
IRI_48h	IRI_72h	0.924008	0.882908	within_dataset	iri	iri	True	
IRI_48h	IRI_7d	0.820112	0.780505	within_dataset	iri	iri	True	
IRI_48h	IRI_14d	0.630824	0.54595	within_dataset	iri	iri	True	
IRI_48h	IRI_28d	0.667561	0.581522	within_dataset	iri	iri	True	
IRI_48h	IRI_12mo	0.680261	0.661605	within_dataset	iri	iri	False	
IRI_72h	IRI_7d	0.837673	0.779543	within_dataset	iri	iri	True	
IRI_72h	IRI_14d	0.656095	0.57615	within_dataset	iri	iri	True	
IRI_72h	IRI_28d	0.727522	0.659101	within_dataset	iri	iri	True	
IRI_72h	IRI_12mo	0.673686	0.591395	within_dataset	iri	iri	False	
IRI_7d	IRI_14d	0.83915	0.778003	within_dataset	iri	iri	True	
IRI_7d	IRI_28d	0.867517	0.750192	within_dataset	iri	iri	True	
IRI_7d	IRI_12mo	0.799252	0.747529	within_dataset	iri	iri	False	
IRI_14d	IRI_28d	0.826471	0.753524	within_dataset	iri	iri	True	
IRI_14d	IRI_12mo	0.742402	0.636619	within_dataset	iri	iri	False	
IRI_28d	IRI_12mo	0.764021	0.541548	within_dataset	iri	iri	False	
