a,b,kind,distance
PodTRECK_5D,PodTRECK_2W,within_model,0.14229249011857714
PodTRECK_5D,PodTRECK_3W,within_model,0.3231225296442688
PodTRECK_5D,UUO_2D,between_model,0.14229249011857714
PodTRECK_5D,UUO_8D,between_model,0.2371541501976283
PodTRECK_5D,IRI2h,between_model,0.8289102202145681
PodTRECK_5D,IRI4h,between_model,0.20666290231507622
PodTRECK_5D,IRI24h,between_model,0.20553359683794448
PodTRECK_5D,IRI48h,between_model,0.26086956521739124
PodTRECK_5D,IRI72h,between_model,0.18675889328063233
PodTRECK_5D,IRI7d,between_model,0.19565217391304346
PodTRECK_5D,IRI14d,between_model,0.366600790513834
PodTRECK_5D,IRI28d,between_model,0.25395256916996045
PodTRECK_5D,IRI12m,between_model,0.39229249011857703
PodTRECK_5D,cat_natural_ctx,cross_species,0.22332015810276684
PodTRECK_5D,cat_natural_med,cross_species,0.28952569169960474
PodTRECK_2W,PodTRECK_3W,within_model,0.11166007905138331
PodTRECK_2W,UUO_2D,between_model,0.12944664031620556
PodTRECK_2W,UUO_8D,between_model,0.11363636363636365
PodTRECK_2W,IRI2h,between_model,0.7069452286843592
PodTRECK_2W,IRI4h,between_model,0.17617165443252392
PodTRECK_2W,IRI24h,between_model,0.1264822134387351
PodTRECK_2W,IRI48h,between_model,0.1411631846414454
PodTRECK_2W,IRI72h,between_model,0.13833992094861647
PodTRECK_2W,IRI7d,between_model,0.0454545454545453
PodTRECK_2W,IRI14d,between_model,0.11462450592885376
PodTRECK_2W,IRI28d,between_model,0.08695652173913049
PodTRECK_2W,IRI12m,between_model,0.1689723320158103
PodTRECK_2W,cat_natural_ctx,cross_species,0.08893280632411049
PodTRECK_2W,cat_natural_med,cross_species,0.09090909090909083
PodTRECK_3W,UUO_2D,between_model,0.301383399209486
PodTRECK_3W,UUO_8D,between_model,0.3003952569169961
PodTRECK_3W,IRI2h,between_model,0.7758328627893845
PodTRECK_3W,IRI4h,between_model,0.35573122529644263
PodTRECK_3W,IRI24h,between_model,0.2778091473743647
PodTRECK_3W,IRI48h,between_model,0.19198193111236572
PodTRECK_3W,IRI72h,between_model,0.19664031620553357
PodTRECK_3W,IRI7d,between_model,0.17984189723320165
PodTRECK_3W,IRI14d,between_model,0.21047430830039515
PodTRECK_3W,IRI28d,between_model,0.21146245059288538
PodTRECK_3W,IRI12m,between_model,0.28260869565217395
PodTRECK_3W,cat_natural_ctx,cross_species,0.21442687747035571
PodTRECK_3W,cat_natural_med,cross_species,0.12648221343873522
UUO_2D,UUO_8D,within_model,0.11760683760683766
UUO_2D,IRI2h,between_model,0.8191699604743083
UUO_2D,IRI4h,between_model,0.2055335968379446
UUO_2D,IRI24h,between_model,0.12309429700734031
UUO_2D,IRI48h,between_model,0.13099943534726133
UUO_2D,IRI72h,between_model,0.13826086956521744
UUO_2D,IRI7d,between_model,0.1330434782608696
UUO_2D,IRI14d,between_model,0.24769230769230766
UUO_2D,IRI28d,between_model,0.26384615384615373
UUO_2D,IRI12m,between_model,0.22085470085470094
UUO_2D,cat_natural_ctx,cross_species,0.23794871794871797
UUO_2D,cat_natural_med,cross_species,0.2714529914529916
UUO_8D,IRI2h,between_model,0.7322134387351779
UUO_8D,IRI4h,between_model,0.12351778656126489
UUO_8D,IRI24h,between_model,0.07001693958215682
UUO_8D,IRI48h,between_model,0.09034443817052495
UUO_8D,IRI72h,between_model,0.1434782608695654
UUO_8D,IRI7d,between_model,0.04695652173913056
UUO_8D,IRI14d,between_model,0.1069230769230769
UUO_8D,IRI28d,between_model,0.09615384615384615
UUO_8D,IRI12m,between_model,0.11076923076923073
UUO_8D,cat_natural_ctx,cross_species,0.12923076923076937
UUO_8D,cat_natural_med,cross_species,0.14905982905982906
IRI2h,IRI4h,within_model,0.5088932806324111
IRI2h,IRI24h,within_model,0.7171089779785431
IRI2h,IRI48h,within_model,0.7419536984754376
IRI2h,IRI72h,within_model,0.7539525691699605
IRI2h,IRI7d,within_model,0.6778656126482213
IRI2h,IRI14d,within_model,0.6264822134387351
IRI2h,IRI28d,within_model,0.6551383399209486
IRI2h,IRI12m,within_model,0.7658102766798419
IRI2h,cat_natural_ctx,cross_species,0.7470355731225297
IRI2h,cat_natural_med,cross_species,0.8063241106719368
IRI4h,IRI24h,within_model,0.1716544325239978
IRI4h,IRI48h,within_model,0.23489553924336526
IRI4h,IRI72h,within_model,0.1620553359683794
IRI4h,IRI7d,within_model,0.14130434782608692
IRI4h,IRI14d,within_model,0.27569169960474305
IRI4h,IRI28d,within_model,0.16007905138339906
IRI4h,IRI12m,within_model,0.3389328063241107
IRI4h,cat_natural_ctx,cross_species,0.1472332015810276
IRI4h,cat_natural_med,cross_species,0.2134387351778657
IRI24h,IRI48h,within_model,0.0654997176736305
IRI24h,IRI72h,within_model,0.09486166007905128
IRI24h,IRI7d,within_model,0.09034443817052495
IRI24h,IRI14d,within_model,0.1332580463015245
IRI24h,IRI28d,within_model,0.14455110107284008
IRI24h,IRI12m,within_model,0.194240542066629
IRI24h,cat_natural_ctx,cross_species,0.13890457368718212
IRI24h,cat_natural_med,cross_species,0.18520609824957635
IRI48h,IRI72h,within_model,0.04178430265386768
IRI48h,IRI7d,within_model,0.09034443817052495
IRI48h,IRI14d,within_model,0.14680971202710325
IRI48h,IRI28d,within_model,0.16149068322981364
IRI48h,IRI12m,within_model,0.18068887634105024
IRI48h,cat_natural_ctx,cross_species,0.15019762845849793
IRI48h,cat_natural_med,cross_species,0.13212874082439297
IRI72h,IRI7d,within_model,0.09652173913043494
IRI72h,IRI14d,within_model,0.202608695652174
IRI72h,IRI28d,within_model,0.1634782608695653
IRI72h,IRI12m,within_model,0.28695652173913044
IRI72h,cat_natural_ctx,cross_species,0.20608695652173925
IRI72h,cat_natural_med,cross_species,0.20695652173913048
IRI7d,IRI14d,within_model,0.058260869565217366
IRI7d,IRI28d,within_model,0.04434782608695664
IRI7d,IRI12m,within_model,0.15565217391304353
IRI7d,cat_natural_ctx,cross_species,0.11043478260869577
IRI7d,cat_natural_med,cross_species,0.1330434782608696
IRI14d,IRI28d,within_model,0.07538461538461538
IRI14d,IRI12m,within_model,0.1315384615384616
IRI14d,cat_natural_ctx,cross_species,0.17461538461538462
IRI14d,cat_natural_med,cross_species,0.18999999999999995
IRI28d,IRI12m,within_model,0.23615384615384616
IRI28d,cat_natural_ctx,cross_species,0.08846153846153837
IRI28d,cat_natural_med,cross_species,0.14230769230769236
IRI12m,cat_natural_ctx,cross_species,0.23726495726495744
IRI12m,cat_natural_med,cross_species,0.1757264957264958
cat_natural_ctx,cat_natural_med,within_cat,0.07521367521367528
