n_iri,n_states,n_pairs,iri_set,rho_model,rho_entry,rho_time
2,7,21,IRI2h+IRI4h,0.46159309117249775,-0.015891043154093207,0.7610389610389611
2,7,21,IRI2h+IRI24h,0.203100960115899,-0.031782086308186415,0.5818181818181818
2,7,21,IRI2h+IRI48h,0.22156468376279895,-0.015891043154093207,0.5782121464902225
2,7,21,IRI2h+IRI72h,0.14770978917519928,-0.07945521577046602,0.5805194805194805
2,7,21,IRI2h+IRI7d,0.16617351282209922,0.031782086308186415,0.6675324675324676
2,7,21,IRI2h+IRI14d,0.4431293675255979,0.04767312946227962,0.5398381120212424
2,7,21,IRI2h+IRI28d,0.24002840740969886,-0.04767312946227962,0.7636363636363636
2,7,21,IRI2h+IRI12m,0.25849213105659874,-0.015891043154093207,0.6597402597402597
2,7,21,IRI4h+IRI24h,0.203100960115899,-0.031782086308186415,0.5181818181818182
2,7,21,IRI4h+IRI48h,0.22156468376279895,-0.015891043154093207,0.5860170348567946
2,7,21,IRI4h+IRI72h,0.14770978917519928,-0.07945521577046602,0.5883116883116883
2,7,21,IRI4h+IRI7d,0.16617351282209922,0.031782086308186415,0.6779220779220779
2,7,21,IRI4h+IRI14d,0.31388330199729847,-0.015891043154093207,0.6224398472341314
2,7,21,IRI4h+IRI28d,0.14770978917519928,-0.09534625892455924,0.7831168831168831
2,7,21,IRI4h+IRI12m,0.25849213105659874,-0.015891043154093207,0.6233766233766234
2,7,21,IRI24h+IRI48h,0.25849213105659874,0.14301938838683886,-0.04943095965495714
2,7,21,IRI24h+IRI72h,0.07385489458759964,-0.015891043154093207,-0.05844155844155843
2,7,21,IRI24h+IRI7d,0.12924606552829937,0.15891043154093204,0.10259740259740259
2,7,21,IRI24h+IRI14d,0.09231861823449955,-0.04767312946227962,0.052032589110481205
2,7,21,IRI24h+IRI28d,0.11078234188139947,-0.015891043154093207,0.23514129203789746
2,7,21,IRI24h+IRI12m,0.03692744729379982,-0.015891043154093207,0.3311688311688311
2,7,21,IRI48h+IRI72h,0.203100960115899,0.09534625892455924,-0.07089440266303064
2,7,21,IRI48h+IRI7d,0.1846372364689991,0.20658356100321168,0.02081303564419248
2,7,21,IRI48h+IRI14d,0.14770978917519928,0.015891043154093207,-0.009794470149265669
2,7,21,IRI48h+IRI28d,0.11078234188139947,0.0,0.2074799490780438
2,7,21,IRI48h+IRI12m,0.203100960115899,0.09534625892455924,0.16975632197294493
2,7,21,IRI72h+IRI7d,0.14770978917519928,0.14301938838683886,0.05714285714285714
2,7,21,IRI72h+IRI14d,0.12924606552829937,-0.04767312946227962,0.009756110458215225
2,7,21,IRI72h+IRI28d,0.09231861823449955,-0.031782086308186415,0.2
2,7,21,IRI72h+IRI12m,0.03692744729379982,-0.04767312946227962,0.26493506493506497
2,7,21,IRI7d+IRI14d,0.25849213105659874,0.17480147469502527,0.21593524480849702
2,7,21,IRI7d+IRI28d,0.1846372364689991,0.14301938838683886,0.3936343176104029
2,7,21,IRI7d+IRI12m,0.1846372364689991,0.19069251784911848,0.35974025974025975
2,7,21,IRI14d+IRI28d,0.3692744729379982,0.09534625892455924,0.39284604778413307
2,7,21,IRI14d+IRI12m,0.31388330199729847,0.09534625892455924,0.21788646690014002
2,7,21,IRI28d+IRI12m,0.14770978917519928,0.031782086308186415,0.4922077922077922
4,9,36,IRI2h+IRI4h+IRI24h+IRI48h,0.08357898650645978,-0.06952269293838405,0.6606569302662437
4,9,36,IRI2h+IRI4h+IRI24h+IRI72h,0.02387971043041708,-0.12300168750637175,0.6643928194464405
4,9,36,IRI2h+IRI4h+IRI24h+IRI7d,0.07760905889885553,-0.04278319565439018,0.6979019236601641
4,9,36,IRI2h+IRI4h+IRI24h+IRI14d,0.15521811779771105,-0.0588268940247865,0.557558662678173
4,9,36,IRI2h+IRI4h+IRI24h+IRI28d,0.02387971043041708,-0.1336974864199693,0.7030123816944079
4,9,36,IRI2h+IRI4h+IRI24h+IRI12m,0.0596992760760427,-0.0962621902223779,0.5880687315092573
4,9,36,IRI2h+IRI4h+IRI48h+IRI72h,0.06566920368364697,-0.08556639130878035,0.7146076821696719
4,9,36,IRI2h+IRI4h+IRI48h+IRI7d,0.09551884172166832,-0.02673949728399386,0.7223796992204503
4,9,36,IRI2h+IRI4h+IRI48h+IRI14d,0.16715797301291957,-0.03743529619759141,0.6008124580566697
4,9,36,IRI2h+IRI4h+IRI48h+IRI28d,0.02387971043041708,-0.12834958696317053,0.751915650039371
4,9,36,IRI2h+IRI4h+IRI48h+IRI12m,0.11342862454448112,-0.0588268940247865,0.5821155551511867
4,9,36,IRI2h+IRI4h+IRI72h+IRI7d,0.08357898650645978,-0.04813109511118895,0.7314499017656181
4,9,36,IRI2h+IRI4h+IRI72h+IRI14d,0.15521811779771105,-0.06417479348158527,0.6162364624980269
4,9,36,IRI2h+IRI4h+IRI72h+IRI28d,0.01790978282281281,-0.1390453858767681,0.7596859375585187
4,9,36,IRI2h+IRI4h+IRI72h+IRI12m,0.0596992760760427,-0.10695798913597544,0.6334620334620336
4,9,36,IRI2h+IRI4h+IRI7d+IRI14d,0.24476703191177507,0.04278319565439018,0.6593690999928203
4,9,36,IRI2h+IRI4h+IRI7d+IRI28d,0.08357898650645978,-0.0588268940247865,0.799304866863318
4,9,36,IRI2h+IRI4h+IRI7d+IRI12m,0.14327826258250248,-0.005347899456798772,0.6712143652485831
4,9,36,IRI2h+IRI4h+IRI14d+IRI28d,0.21491739387375372,-0.02673949728399386,0.711148571531257
4,9,36,IRI2h+IRI4h+IRI14d+IRI12m,0.27461666994979644,0.02673949728399386,0.537178963966103
4,9,36,IRI2h+IRI4h+IRI28d+IRI12m,0.07760905889885553,-0.0962621902223779,0.7124469102654017
4,9,36,IRI2h+IRI24h+IRI48h+IRI72h,0.13133840736729394,-0.010695798913597544,0.5076933496927958
4,9,36,IRI2h+IRI24h+IRI48h+IRI7d,0.13133840736729394,0.04813109511118895,0.5299685080739405
4,9,36,IRI2h+IRI24h+IRI48h+IRI14d,0.10148876932927259,-0.03743529619759141,0.41935730126906984
4,9,36,IRI2h+IRI24h+IRI48h+IRI28d,0.05372934846843843,-0.06952269293838405,0.5529943194080411
4,9,36,IRI2h+IRI24h+IRI48h+IRI12m,0.04775942086083416,-0.05347899456798772,0.5195390986584911
4,9,36,IRI2h+IRI24h+IRI72h+IRI7d,0.06566920368364697,-0.02139159782719509,0.5328185328185329
4,9,36,IRI2h+IRI24h+IRI72h+IRI14d,0.0596992760760427,-0.0962621902223779,0.42142539526870915
4,9,36,IRI2h+IRI24h+IRI72h+IRI28d,0.01193985521520854,-0.117653788049573,0.560911256712047
4,9,36,IRI2h+IRI24h+IRI72h+IRI12m,-0.04775942086083416,-0.1336974864199693,0.5575289575289576
4,9,36,IRI2h+IRI24h+IRI7d+IRI14d,0.14924819019010674,0.02673949728399386,0.4816842052246383
4,9,36,IRI2h+IRI24h+IRI7d+IRI28d,0.0596992760760427,-0.02673949728399386,0.6228600901127876
4,9,36,IRI2h+IRI24h+IRI7d+IRI12m,0.03581956564562562,-0.016043698370396316,0.5881595881595881
4,9,36,IRI2h+IRI24h+IRI14d+IRI28d,0.14924819019010674,-0.04278319565439018,0.5204122134904272
4,9,36,IRI2h+IRI24h+IRI14d+IRI12m,0.09551884172166832,-0.05347899456798772,0.42670447904689957
4,9,36,IRI2h+IRI24h+IRI28d+IRI12m,-0.03581956564562562,-0.117653788049573,0.605830492277101
4,9,36,IRI2h+IRI48h+IRI72h+IRI7d,0.14924819019010674,0.04813109511118895,0.5313848476241866
4,9,36,IRI2h+IRI48h+IRI72h+IRI14d,0.10745869693687686,-0.04278319565439018,0.4361109734156522
4,9,36,IRI2h+IRI48h+IRI72h+IRI28d,0.03581956564562562,-0.0802184918519816,0.5861070575200623
4,9,36,IRI2h+IRI48h+IRI72h+IRI12m,0.05372934846843843,-0.0588268940247865,0.5096247218067678
4,9,36,IRI2h+IRI48h+IRI7d+IRI14d,0.17312790062052386,0.0588268940247865,0.468716196900924
4,9,36,IRI2h+IRI48h+IRI7d+IRI28d,0.07760905889885553,-0.005347899456798772,0.6182873142706116
4,9,36,IRI2h+IRI48h+IRI7d+IRI12m,0.10745869693687686,0.03208739674079263,0.5333162197381587
4,9,36,IRI2h+IRI48h+IRI14d+IRI28d,0.15521811779771105,-0.02139159782719509,0.5350865134816157
4,9,36,IRI2h+IRI48h+IRI14d+IRI12m,0.16715797301291957,0.010695798913597544,0.36883853602706757
4,9,36,IRI2h+IRI48h+IRI28d+IRI12m,0.01193985521520854,-0.08556639130878035,0.5857207830972679
4,9,36,IRI2h+IRI72h+IRI7d+IRI14d,0.17312790062052386,0.03208739674079263,0.4892809355395951
4,9,36,IRI2h+IRI72h+IRI7d+IRI28d,0.08954891411406406,-0.016043698370396316,0.6208893764063595
4,9,36,IRI2h+IRI72h+IRI7d+IRI12m,0.04775942086083416,-0.02673949728399386,0.5876447876447878
4,9,36,IRI2h+IRI72h+IRI14d+IRI28d,0.16715797301291957,-0.03208739674079263,0.5367926895433085
4,9,36,IRI2h+IRI72h+IRI14d+IRI12m,0.12536847975968968,-0.04278319565439018,0.44138290711308736
4,9,36,IRI2h+IRI72h+IRI28d+IRI12m,-0.02387971043041708,-0.117653788049573,0.6375804375804377
4,9,36,IRI2h+IRI7d+IRI14d+IRI28d,0.25073695951937935,0.0802184918519816,0.6116405652936079
4,9,36,IRI2h+IRI7d+IRI14d+IRI12m,0.2387971043041708,0.0962621902223779,0.5112985776388769
4,9,36,IRI2h+IRI7d+IRI28d+IRI12m,0.07163913129125124,-0.005347899456798772,0.6861445409664807
4,9,36,IRI2h+IRI14d+IRI28d+IRI12m,0.220887321481358,0.03208739674079263,0.5749050992590242
4,9,36,IRI4h+IRI24h+IRI48h+IRI72h,0.13133840736729394,-0.010695798913597544,0.4581214654341788
4,9,36,IRI4h+IRI24h+IRI48h+IRI7d,0.13133840736729394,0.04813109511118895,0.4864482564391027
4,9,36,IRI4h+IRI24h+IRI48h+IRI14d,0.05372934846843843,-0.0588268940247865,0.42348128210515157
4,9,36,IRI4h+IRI24h+IRI48h+IRI28d,0.02387971043041708,-0.08556639130878035,0.5086929580022735
4,9,36,IRI4h+IRI24h+IRI48h+IRI12m,0.0596992760760427,-0.04278319565439018,0.4628855166486433
4,9,36,IRI4h+IRI24h+IRI72h+IRI7d,0.06566920368364697,-0.02139159782719509,0.4996138996138996
4,9,36,IRI4h+IRI24h+IRI72h+IRI14d,0.01790978282281281,-0.11230588859277421,0.4318548046841585
4,9,36,IRI4h+IRI24h+IRI72h+IRI28d,-0.01790978282281281,-0.1336974864199693,0.5287341538717506
4,9,36,IRI4h+IRI24h+IRI72h+IRI12m,-0.03581956564562562,-0.12300168750637175,0.5137709137709139
4,9,36,IRI4h+IRI24h+IRI7d+IRI14d,0.09551884172166832,0.0,0.5024142659146054
4,9,36,IRI4h+IRI24h+IRI7d+IRI28d,0.02984963803802135,-0.04278319565439018,0.6032951523783086
4,9,36,IRI4h+IRI24h+IRI7d+IRI12m,0.04775942086083416,-0.005347899456798772,0.5323037323037323
4,9,36,IRI4h+IRI24h+IRI14d+IRI28d,0.0596992760760427,-0.08556639130878035,0.5482293473963742
4,9,36,IRI4h+IRI24h+IRI14d+IRI12m,0.02984963803802135,-0.08556639130878035,0.4391940187172524
4,9,36,IRI4h+IRI24h+IRI28d+IRI12m,-0.0596992760760427,-0.12834958696317053,0.5759701408413057
4,9,36,IRI4h+IRI48h+IRI72h+IRI7d,0.14924819019010674,0.04813109511118895,0.5335737360200216
4,9,36,IRI4h+IRI48h+IRI72h+IRI14d,0.07163913129125124,-0.0588268940247865,0.4821191346181899
4,9,36,IRI4h+IRI48h+IRI72h+IRI28d,0.00596992760760427,-0.0962621902223779,0.5852057505335421
4,9,36,IRI4h+IRI48h+IRI72h+IRI12m,0.06566920368364697,-0.04813109511118895,0.49146982393543015
4,9,36,IRI4h+IRI48h+IRI7d+IRI14d,0.12536847975968968,0.03208739674079263,0.518461715736161
4,9,36,IRI4h+IRI48h+IRI7d+IRI28d,0.04775942086083416,-0.02139159782719509,0.6167419179425032
4,9,36,IRI4h+IRI48h+IRI7d+IRI12m,0.1193985521520854,0.04278319565439018,0.4975214565592094
4,9,36,IRI4h+IRI48h+IRI14d+IRI28d,0.07163913129125124,-0.06417479348158527,0.5754242010345411
4,9,36,IRI4h+IRI48h+IRI14d+IRI12m,0.10745869693687686,-0.02139159782719509,0.39551553706047177
4,9,36,IRI4h+IRI48h+IRI28d+IRI12m,-0.01193985521520854,-0.0962621902223779,0.552758699018811
4,9,36,IRI4h+IRI72h+IRI7d+IRI14d,0.13133840736729394,0.010695798913597544,0.534217526724679
4,9,36,IRI4h+IRI72h+IRI7d+IRI28d,0.0596992760760427,-0.03208739674079263,0.6275822137971412
4,9,36,IRI4h+IRI72h+IRI7d+IRI12m,0.0596992760760427,-0.016043698370396316,0.5564993564993566
4,9,36,IRI4h+IRI72h+IRI14d+IRI28d,0.08954891411406406,-0.06952269293838405,0.5777377783595167
4,9,36,IRI4h+IRI72h+IRI14d+IRI12m,0.07163913129125124,-0.06952269293838405,0.4603103538300138
4,9,36,IRI4h+IRI72h+IRI28d+IRI12m,-0.04775942086083416,-0.12834958696317053,0.6241956241956241
4,9,36,IRI4h+IRI7d+IRI14d+IRI28d,0.1611880454053153,0.03208739674079263,0.6529745908639757
4,9,36,IRI4h+IRI7d+IRI14d+IRI12m,0.17312790062052386,0.0588268940247865,0.5195390986584911
4,9,36,IRI4h+IRI7d+IRI28d+IRI12m,0.04775942086083416,-0.016043698370396316,0.65242293718985
4,9,36,IRI4h+IRI14d+IRI28d+IRI12m,0.11342862454448112,-0.02673949728399386,0.5975665320629634
4,9,36,IRI24h+IRI48h+IRI72h+IRI7d,0.3641655840638605,0.20856807881515213,0.058198679701025526
4,9,36,IRI24h+IRI48h+IRI72h+IRI14d,0.14327826258250248,0.010695798913597544,0.03363621869429232
4,9,36,IRI24h+IRI48h+IRI72h+IRI28d,0.19103768344333663,0.02673949728399386,0.14011593374847434
4,9,36,IRI24h+IRI48h+IRI72h+IRI12m,0.1611880454053153,0.03208739674079263,0.23691497931390923
4,9,36,IRI24h+IRI48h+IRI7d+IRI14d,0.22685724908896224,0.1390453858767681,0.07758238947878919
4,9,36,IRI24h+IRI48h+IRI7d+IRI28d,0.24476703191177507,0.1336974864199693,0.18535460866391576
4,9,36,IRI24h+IRI48h+IRI7d+IRI12m,0.24476703191177507,0.1604369837039632,0.2338247839315539
4,9,36,IRI24h+IRI48h+IRI14d+IRI28d,0.1611880454053153,0.010695798913597544,0.148024241693641
4,9,36,IRI24h+IRI48h+IRI14d+IRI12m,0.09551884172166832,-0.005347899456798772,0.11817782583396957
4,9,36,IRI24h+IRI48h+IRI28d+IRI12m,0.06566920368364697,-0.02139159782719509,0.2824211789617686
4,9,36,IRI24h+IRI72h+IRI7d+IRI14d,0.18506775583573237,0.06952269293838405,0.08060259622310173
4,9,36,IRI24h+IRI72h+IRI7d+IRI28d,0.20297753865854518,0.06952269293838405,0.18728279212938745
4,9,36,IRI24h+IRI72h+IRI7d+IRI12m,0.12536847975968968,0.05347899456798772,0.2736164736164736
4,9,36,IRI24h+IRI72h+IRI14d+IRI28d,0.14924819019010674,-0.03208739674079263,0.13741149017428503
4,9,36,IRI24h+IRI72h+IRI14d+IRI12m,0.02387971043041708,-0.08556639130878035,0.16223525757365523
4,9,36,IRI24h+IRI72h+IRI28d+IRI12m,-0.01193985521520854,-0.09091429076557912,0.3367012041208617
4,9,36,IRI24h+IRI7d+IRI14d+IRI28d,0.26267681473458787,0.117653788049573,0.25255979032500886
4,9,36,IRI24h+IRI7d+IRI14d+IRI12m,0.18506775583573237,0.0962621902223779,0.21991890471095485
4,9,36,IRI24h+IRI7d+IRI28d+IRI12m,0.12536847975968968,0.06952269293838405,0.36748616599958844
4,9,36,IRI24h+IRI14d+IRI28d+IRI12m,0.11342862454448112,-0.016043698370396316,0.2825499619891109
4,9,36,IRI48h+IRI72h+IRI7d+IRI14d,0.2805865975574007,0.15508908424716442,0.07100979502128378
4,9,36,IRI48h+IRI72h+IRI7d+IRI28d,0.27461666994979644,0.14439328533356685,0.18287189882613378
4,9,36,IRI48h+IRI72h+IRI7d+IRI12m,0.27461666994979644,0.1604369837039632,0.20433916965824672
4,9,36,IRI48h+IRI72h+IRI14d+IRI28d,0.18506775583573237,0.02139159782719509,0.14859218450007297
4,9,36,IRI48h+IRI72h+IRI14d+IRI12m,0.14924819019010674,0.016043698370396316,0.0796443798968301
4,9,36,IRI48h+IRI72h+IRI28d+IRI12m,0.07163913129125124,-0.02139159782719509,0.28159405421713013
4,9,36,IRI48h+IRI7d+IRI14d+IRI28d,0.29252645277260925,0.15508908424716442,0.21255503643590254
4,9,36,IRI48h+IRI7d+IRI14d+IRI12m,0.2805865975574007,0.1711327826175607,0.12204405786779628
4,9,36,IRI48h+IRI7d+IRI28d+IRI12m,0.19700761105094092,0.117653788049573,0.29233747206712934
4,9,36,IRI48h+IRI14d+IRI28d+IRI12m,0.18506775583573237,0.04278319565439018,0.2015595633634988
4,9,36,IRI72h+IRI7d+IRI14d+IRI28d,0.32834601841823485,0.14974118479036563,0.21104818663499433
4,9,36,IRI72h+IRI7d+IRI14d+IRI12m,0.2387971043041708,0.11230588859277421,0.19300845325627716
4,9,36,IRI72h+IRI7d+IRI28d+IRI12m,0.1611880454053153,0.07487059239518282,0.3553639237682336
4,9,36,IRI72h+IRI14d+IRI28d+IRI12m,0.17312790062052386,0.016043698370396316,0.26472673775510724
4,9,36,IRI7d+IRI14d+IRI28d+IRI12m,0.32834601841823485,0.18182858153115825,0.34342008160801096
6,11,55,IRI2h+IRI4h+IRI24h+IRI48h+IRI72h+IRI7d,0.06021597010584167,-0.0207852748302635,0.6545546574392762
6,11,55,IRI2h+IRI4h+IRI24h+IRI48h+IRI72h+IRI14d,0.02408638804233667,-0.07621267437763284,0.5715008309203264
6,11,55,IRI2h+IRI4h+IRI24h+IRI48h+IRI72h+IRI28d,-0.028903665650804003,-0.11316427407587906,0.6580661767808291
6,11,55,IRI2h+IRI4h+IRI24h+IRI48h+IRI72h+IRI12m,-0.012043194021168335,-0.09006952426447518,0.5747997536742225
6,11,55,IRI2h+IRI4h+IRI24h+IRI48h+IRI7d+IRI14d,0.07707644173547733,-0.0069284249434211674,0.5823242623011501
6,11,55,IRI2h+IRI4h+IRI24h+IRI48h+IRI7d+IRI28d,0.007225916412701001,-0.05773687452850972,0.6727296175795872
6,11,55,IRI2h+IRI4h+IRI24h+IRI48h+IRI7d+IRI12m,0.036129582063505,-0.02540422479254428,0.5771194702912781
6,11,55,IRI2h+IRI4h+IRI24h+IRI48h+IRI14d+IRI28d,0.02408638804233667,-0.08083162433991362,0.5877109165860935
6,11,55,IRI2h+IRI4h+IRI24h+IRI48h+IRI14d+IRI12m,0.03372094325927134,-0.06004634950965012,0.4628961826798778
6,11,55,IRI2h+IRI4h+IRI24h+IRI48h+IRI28d+IRI12m,-0.057807331301608006,-0.12009269901930024,0.5802284523173366
6,11,55,IRI2h+IRI4h+IRI24h+IRI72h+IRI7d+IRI14d,0.057807331301608006,-0.03926107467938661,0.5910477005984203
6,11,55,IRI2h+IRI4h+IRI24h+IRI72h+IRI7d+IRI28d,-0.009634555216934666,-0.0854505743021944,0.6829021939918731
6,11,55,IRI2h+IRI4h+IRI24h+IRI72h+IRI7d+IRI12m,-0.012043194021168335,-0.07159372441535206,0.6051805624631608
6,11,55,IRI2h+IRI4h+IRI24h+IRI72h+IRI14d+IRI28d,0.01686047162963567,-0.10161689917017712,0.6013605304589247
6,11,55,IRI2h+IRI4h+IRI24h+IRI72h+IRI14d+IRI12m,0.0024086388042336665,-0.09699794920789634,0.5013530660696343
6,11,55,IRI2h+IRI4h+IRI24h+IRI72h+IRI28d+IRI12m,-0.08911963575664567,-0.15011587377412527,0.6245760893667097
6,11,55,IRI2h+IRI4h+IRI24h+IRI7d+IRI14d+IRI28d,0.08189371934394465,-0.02309474981140389,0.6420773961884197
6,11,55,IRI2h+IRI4h+IRI24h+IRI7d+IRI14d+IRI12m,0.086710996952412,-0.004618949962280777,0.5333141034703696
6,11,55,IRI2h+IRI4h+IRI24h+IRI7d+IRI28d+IRI12m,-0.019269110433869332,-0.07159372441535206,0.6462099110623647
6,11,55,IRI2h+IRI4h+IRI24h+IRI14d+IRI28d+IRI12m,0.028903665650804003,-0.07390319939649244,0.5556738747003435
6,11,55,IRI2h+IRI4h+IRI48h+IRI72h+IRI7d+IRI14d,0.093936913365113,-0.0023094749811403887,0.6204072112346526
6,11,55,IRI2h+IRI4h+IRI48h+IRI72h+IRI7d+IRI28d,0.019269110433869332,-0.05311792456622894,0.7138656102658187
6,11,55,IRI2h+IRI4h+IRI48h+IRI72h+IRI7d+IRI12m,0.04817277608467334,-0.02540422479254428,0.6024896363606156
6,11,55,IRI2h+IRI4h+IRI48h+IRI72h+IRI14d+IRI28d,0.028903665650804003,-0.07852214935877322,0.6446968108201105
6,11,55,IRI2h+IRI4h+IRI48h+IRI72h+IRI14d+IRI12m,0.050581414888907,-0.05311792456622894,0.49744659036785094
6,11,55,IRI2h+IRI4h+IRI48h+IRI72h+IRI28d+IRI12m,-0.055398692497374336,-0.12009269901930024,0.636526018776444
6,11,55,IRI2h+IRI4h+IRI48h+IRI7d+IRI14d+IRI28d,0.09152827456087934,-0.0069284249434211674,0.6610834822597843
6,11,55,IRI2h+IRI4h+IRI48h+IRI7d+IRI14d+IRI12m,0.12284057901591701,0.02771369977368467,0.5197430823072312
6,11,55,IRI2h+IRI4h+IRI48h+IRI7d+IRI28d+IRI12m,0.009634555216934666,-0.05080844958508856,0.6450879803226023
6,11,55,IRI2h+IRI4h+IRI48h+IRI14d+IRI28d+IRI12m,0.055398692497374336,-0.04849897460394817,0.5559025577202017
6,11,55,IRI2h+IRI4h+IRI72h+IRI7d+IRI14d+IRI28d,0.10357146858204766,-0.011547374905701945,0.6706483496188586
6,11,55,IRI2h+IRI4h+IRI72h+IRI7d+IRI14d+IRI12m,0.10357146858204766,0.0,0.5651295506620009
6,11,55,IRI2h+IRI4h+IRI72h+IRI7d+IRI28d+IRI12m,-0.004817277608467333,-0.06928424943421167,0.6845732033117675
6,11,55,IRI2h+IRI4h+IRI72h+IRI14d+IRI28d+IRI12m,0.04817277608467334,-0.0623558244907905,0.6051781908592249
6,11,55,IRI2h+IRI4h+IRI7d+IRI14d+IRI28d+IRI12m,0.130066495428618,0.02309474981140389,0.6439436693176339
6,11,55,IRI2h+IRI24h+IRI48h+IRI72h+IRI7d+IRI14d,0.14451832825402,0.041570549660527,0.444753270920919
6,11,55,IRI2h+IRI24h+IRI48h+IRI72h+IRI7d+IRI28d,0.12043194021168334,0.01847579984912311,0.5339828792758219
6,11,55,IRI2h+IRI24h+IRI48h+IRI72h+IRI7d+IRI12m,0.10357146858204766,0.0207852748302635,0.5128177441266472
6,11,55,IRI2h+IRI24h+IRI48h+IRI72h+IRI14d+IRI28d,0.079485080539711,-0.04388002464166739,0.46665592047860266
6,11,55,IRI2h+IRI24h+IRI48h+IRI72h+IRI14d+IRI12m,0.043355498476206,-0.05311792456622894,0.4071461210142731
6,11,55,IRI2h+IRI24h+IRI48h+IRI72h+IRI28d+IRI12m,-0.014451832825402001,-0.08776004928333478,0.5384643266842701
6,11,55,IRI2h+IRI24h+IRI48h+IRI7d+IRI14d+IRI28d,0.14210968944978633,0.03926107467938661,0.48963984056714976
6,11,55,IRI2h+IRI24h+IRI48h+IRI7d+IRI14d+IRI12m,0.12284057901591701,0.041570549660527,0.4188757982884189
6,11,55,IRI2h+IRI24h+IRI48h+IRI7d+IRI28d+IRI12m,0.050581414888907,-0.0069284249434211674,0.54148851780058
6,11,55,IRI2h+IRI24h+IRI48h+IRI14d+IRI28d+IRI12m,0.04817277608467334,-0.04618949962280778,0.43824795254723975
6,11,55,IRI2h+IRI24h+IRI72h+IRI7d+IRI14d+IRI28d,0.13488377303708535,0.011547374905701945,0.4947769273873956
6,11,55,IRI2h+IRI24h+IRI72h+IRI7d+IRI14d+IRI12m,0.08189371934394465,-0.0069284249434211674,0.45274305588553926
6,11,55,IRI2h+IRI24h+IRI72h+IRI7d+IRI28d+IRI12m,0.012043194021168335,-0.04849897460394817,0.5736859197787887
6,11,55,IRI2h+IRI24h+IRI72h+IRI14d+IRI28d+IRI12m,0.026495026846570333,-0.07621267437763284,0.4806956885403637
6,11,55,IRI2h+IRI24h+IRI7d+IRI14d+IRI28d+IRI12m,0.12043194021168334,0.02771369977368467,0.514514600905548
6,11,55,IRI2h+IRI48h+IRI72h+IRI7d+IRI14d+IRI28d,0.166196077492123,0.05080844958508856,0.5046921888820843
6,11,55,IRI2h+IRI48h+IRI72h+IRI7d+IRI14d+IRI12m,0.14933560586248734,0.05080844958508856,0.42244883844269715
6,11,55,IRI2h+IRI48h+IRI72h+IRI7d+IRI28d+IRI12m,0.06744188651854267,-0.0023094749811403887,0.5562170874380503
6,11,55,IRI2h+IRI48h+IRI72h+IRI14d+IRI28d+IRI12m,0.06744188651854267,-0.034642124717105836,0.46146354962224057
6,11,55,IRI2h+IRI48h+IRI7d+IRI14d+IRI28d+IRI12m,0.15656152227518833,0.06004634950965012,0.4855266627220051
6,11,55,IRI2h+IRI72h+IRI7d+IRI14d+IRI28d+IRI12m,0.14933560586248734,0.041570549660527,0.5272235337466352
6,11,55,IRI4h+IRI24h+IRI48h+IRI72h+IRI7d+IRI14d,0.1252492178201507,0.03233264973596544,0.447460119522645
6,11,55,IRI4h+IRI24h+IRI48h+IRI72h+IRI7d+IRI28d,0.108388746190515,0.011547374905701945,0.5083987556505646
6,11,55,IRI4h+IRI24h+IRI48h+IRI72h+IRI7d+IRI12m,0.11320602379898234,0.03002317475482506,0.4746080775516722
6,11,55,IRI4h+IRI24h+IRI48h+IRI72h+IRI14d+IRI28d,0.04576413728043967,-0.06004634950965012,0.4653203489240151
6,11,55,IRI4h+IRI24h+IRI48h+IRI72h+IRI14d+IRI12m,0.02408638804233667,-0.06004634950965012,0.39740146604805965
6,11,55,IRI4h+IRI24h+IRI48h+IRI72h+IRI28d+IRI12m,-0.019269110433869332,-0.08776004928333478,0.5004690887295334
6,11,55,IRI4h+IRI24h+IRI48h+IRI7d+IRI14d+IRI28d,0.10357146858204766,0.01847579984912311,0.4961736662190706
6,11,55,IRI4h+IRI24h+IRI48h+IRI7d+IRI14d+IRI12m,0.09875419097358035,0.03002317475482506,0.40963642172786097
6,11,55,IRI4h+IRI24h+IRI48h+IRI7d+IRI28d+IRI12m,0.04576413728043967,-0.0069284249434211674,0.5017230675396018
6,11,55,IRI4h+IRI24h+IRI48h+IRI14d+IRI28d+IRI12m,0.007225916412701001,-0.06697477445307129,0.4343134309404817
6,11,55,IRI4h+IRI24h+IRI72h+IRI7d+IRI14d+IRI28d,0.09875419097358035,-0.0069284249434211674,0.5035452174512183
6,11,55,IRI4h+IRI24h+IRI72h+IRI7d+IRI14d+IRI12m,0.06021597010584167,-0.01616632486798272,0.4461041714192547
6,11,55,IRI4h+IRI24h+IRI72h+IRI7d+IRI28d+IRI12m,0.007225916412701001,-0.04849897460394817,0.5429488801830444
6,11,55,IRI4h+IRI24h+IRI72h+IRI14d+IRI28d+IRI12m,-0.012043194021168335,-0.09468847422675596,0.4814895111756953
6,11,55,IRI4h+IRI24h+IRI7d+IRI14d+IRI28d+IRI12m,0.07707644173547733,0.004618949962280777,0.5175456147547706
6,11,55,IRI4h+IRI48h+IRI72h+IRI7d+IRI14d+IRI28d,0.13247513423285165,0.03233264973596544,0.5288385862476077
6,11,55,IRI4h+IRI48h+IRI72h+IRI7d+IRI14d+IRI12m,0.130066495428618,0.041570549660527,0.4293422795484259
6,11,55,IRI4h+IRI48h+IRI72h+IRI7d+IRI28d+IRI12m,0.06262460891007535,-0.0023094749811403887,0.5351086219076411
6,11,55,IRI4h+IRI48h+IRI72h+IRI14d+IRI28d+IRI12m,0.03131230445503767,-0.05311792456622894,0.46915099965114226
6,11,55,IRI4h+IRI48h+IRI7d+IRI14d+IRI28d+IRI12m,0.11561466260321601,0.03695159969824622,0.48899161660405344
6,11,55,IRI4h+IRI72h+IRI7d+IRI14d+IRI28d+IRI12m,0.11079738499474867,0.0207852748302635,0.5340068641835616
6,11,55,IRI24h+IRI48h+IRI72h+IRI7d+IRI14d+IRI28d,0.28181074009533896,0.1270211239627214,0.1876760196924662
6,11,55,IRI24h+IRI48h+IRI72h+IRI7d+IRI14d+IRI12m,0.23122932520643202,0.10854532411359828,0.1899485892117826
6,11,55,IRI24h+IRI48h+IRI72h+IRI7d+IRI28d+IRI12m,0.21196021477256266,0.09237899924561556,0.30109157620472077
6,11,55,IRI24h+IRI48h+IRI72h+IRI14d+IRI28d+IRI12m,0.11561466260321601,-0.0069284249434211674,0.22971830738906462
6,11,55,IRI24h+IRI48h+IRI7d+IRI14d+IRI28d+IRI12m,0.22400340879373098,0.11085479909473868,0.24380916272416173
6,11,55,IRI24h+IRI72h+IRI7d+IRI14d+IRI28d+IRI12m,0.1975083819471607,0.07159372441535206,0.274884089325932
6,11,55,IRI48h+IRI72h+IRI7d+IRI14d+IRI28d+IRI12m,0.26254162966146966,0.12933059894386176,0.23734934092030227
9,14,91,IRI2h+IRI4h+IRI24h+IRI48h+IRI72h+IRI7d+IRI14d+IRI28d+IRI12m,0.043829217243428385,-0.019143756814016144,0.5528900273599696
