design	shift	sigma	true_cos	mean_r_half_pearson	mean_r_half_cosine	median_obs_cos_full	median_obs_pearson_full	median_obs_pearson_matched	frac_i_pearson_matched_n	frac_ii_pearson_half_vs_full	frac_iii_cosine_half_vs_full	frac_iv_pearson_SB_vs_full	frac_v_cosine_SB_vs_full	contrib_sample_size	contrib_uncentred	contrib_uncentred_SB	SB_minus_raw_cosine
mouse-like (3 vs 6)	0.0	0.15	1.0	0.9762	0.9762	0.9889	0.9889	0.9709	0.0	1.0	1.0	0.99	0.99	1.0	0.0	0.0	-0.01
mouse-like (3 vs 6)	0.0	0.15	0.9	0.9763	0.9763	0.8901	0.8901	0.8739	0.0	0.0	0.0	0.0	0.0	0.0	0.0	0.0	0.0
mouse-like (3 vs 6)	0.0	0.15	0.7	0.9763	0.9763	0.6922	0.6922	0.6797	0.0	0.0	0.0	0.0	0.0	0.0	0.0	0.0	0.0
mouse-like (3 vs 6)	0.0	0.15	0.5	0.9763	0.9763	0.4946	0.4946	0.4856	0.0	0.0	0.0	0.0	0.0	0.0	0.0	0.0	0.0
mouse-like (3 vs 6)	0.0	0.15	0.3	0.9763	0.9763	0.2967	0.2967	0.2913	0.0	0.0	0.0	0.0	0.0	0.0	0.0	0.0	0.0
mouse-like (3 vs 6)	0.0	0.25	1.0	0.9367	0.9367	0.9698	0.9698	0.9234	0.0	1.0	1.0	0.98	0.98	1.0	0.0	0.0	-0.02
mouse-like (3 vs 6)	0.0	0.25	0.9	0.9368	0.9368	0.8728	0.8728	0.831	0.0	0.0	0.0	0.0	0.0	0.0	0.0	0.0	0.0
mouse-like (3 vs 6)	0.0	0.25	0.7	0.9368	0.9368	0.679	0.6789	0.6463	0.0	0.0	0.0	0.0	0.0	0.0	0.0	0.0	0.0
mouse-like (3 vs 6)	0.0	0.25	0.5	0.9368	0.9368	0.4852	0.4852	0.462	0.0	0.0	0.0	0.0	0.0	0.0	0.0	0.0	0.0
mouse-like (3 vs 6)	0.0	0.25	0.3	0.9367	0.9367	0.2914	0.2914	0.2771	0.0	0.0	0.0	0.0	0.0	0.0	0.0	0.0	0.0
mouse-like (3 vs 6)	0.0	0.35	1.0	0.8833	0.8833	0.9422	0.9422	0.8595	0.0	1.0	1.0	0.98	0.9767	1.0	0.0	-0.0033	-0.0233
mouse-like (3 vs 6)	0.0	0.35	0.9	0.8832	0.8832	0.8479	0.8479	0.7738	0.0	0.0	0.0	0.0	0.0	0.0	0.0	0.0	0.0
mouse-like (3 vs 6)	0.0	0.35	0.7	0.8833	0.8833	0.6594	0.6594	0.6019	0.0	0.0	0.0	0.0	0.0	0.0	0.0	0.0	0.0
mouse-like (3 vs 6)	0.0	0.35	0.5	0.8833	0.8833	0.4701	0.4704	0.429	0.0	0.0	0.0	0.0	0.0	0.0	0.0	0.0	0.0
mouse-like (3 vs 6)	0.0	0.35	0.3	0.8831	0.8831	0.2829	0.2829	0.2577	0.0	0.0	0.0	0.0	0.0	0.0	0.0	0.0	0.0
mouse-like (3 vs 6)	0.0	0.5	1.0	0.7884	0.7884	0.889	0.889	0.7502	0.0	1.0	1.0	0.97	0.97	1.0	0.0	0.0	-0.03
mouse-like (3 vs 6)	0.0	0.5	0.9	0.788	0.788	0.8002	0.7999	0.6751	0.0	0.98	0.98	0.0	0.0	0.98	0.0	0.0	-0.98
mouse-like (3 vs 6)	0.0	0.5	0.7	0.7881	0.7881	0.6219	0.6218	0.5249	0.0	0.0	0.0	0.0	0.0	0.0	0.0	0.0	0.0
mouse-like (3 vs 6)	0.0	0.5	0.5	0.7878	0.7878	0.4442	0.4447	0.3751	0.0	0.0	0.0	0.0	0.0	0.0	0.0	0.0	0.0
mouse-like (3 vs 6)	0.0	0.5	0.3	0.7878	0.7878	0.2682	0.2681	0.2263	0.0	0.0	0.0	0.0	0.0	0.0	0.0	0.0	0.0
mouse-like (3 vs 6)	0.0	0.7	1.0	0.6556	0.6556	0.8042	0.8042	0.6051	0.0	1.0	1.0	0.97	0.97	1.0	0.0	0.0	-0.03
mouse-like (3 vs 6)	0.0	0.7	0.9	0.6554	0.6554	0.7235	0.7238	0.5448	0.0	1.0	1.0	0.0	0.0	1.0	0.0	0.0	-1.0
mouse-like (3 vs 6)	0.0	0.7	0.7	0.6558	0.6558	0.5627	0.5627	0.424	0.0	0.0	0.0	0.0	0.0	0.0	0.0	0.0	0.0
mouse-like (3 vs 6)	0.0	0.7	0.5	0.6554	0.6554	0.4028	0.4029	0.3028	0.0	0.0	0.0	0.0	0.0	0.0	0.0	0.0	0.0
mouse-like (3 vs 6)	0.0	0.7	0.3	0.6557	0.6557	0.2414	0.2413	0.1818	0.0	0.0	0.0	0.0	0.0	0.0	0.0	0.0	0.0
mouse-like (3 vs 6)	0.0	1.0	1.0	0.484	0.484	0.6673	0.6673	0.4291	0.0	1.0	1.0	0.93	0.9233	1.0	0.0	-0.0067	-0.0767
mouse-like (3 vs 6)	0.0	1.0	0.9	0.4832	0.4832	0.6014	0.6014	0.3866	0.0	1.0	1.0	0.0	0.0	1.0	0.0	0.0	-1.0
mouse-like (3 vs 6)	0.0	1.0	0.7	0.4833	0.4833	0.4662	0.4662	0.2993	0.0	0.1533	0.15	0.0	0.0	0.1533	-0.0033	0.0	-0.15
mouse-like (3 vs 6)	0.0	1.0	0.5	0.4836	0.4836	0.3341	0.3341	0.2148	0.0	0.0	0.0	0.0	0.0	0.0	0.0	0.0	0.0
mouse-like (3 vs 6)	0.0	1.0	0.3	0.4837	0.4837	0.2003	0.2003	0.1293	0.0	0.0	0.0	0.0	0.0	0.0	0.0	0.0	0.0
mouse-like (3 vs 6)	0.0	1.5	1.0	0.2937	0.2937	0.4702	0.4702	0.2498	0.0	1.0	1.0	0.8467	0.8467	1.0	0.0	0.0	-0.1533
mouse-like (3 vs 6)	0.0	1.5	0.9	0.2945	0.2946	0.4241	0.4238	0.2263	0.0	1.0	1.0	0.0867	0.0867	1.0	0.0	0.0	-0.9133
mouse-like (3 vs 6)	0.0	1.5	0.7	0.2956	0.2956	0.3282	0.328	0.1736	0.0	0.9633	0.96	0.0	0.0	0.9633	-0.0033	0.0	-0.96
mouse-like (3 vs 6)	0.0	1.5	0.5	0.2949	0.2949	0.234	0.2344	0.1242	0.0	0.0	0.0	0.0	0.0	0.0	0.0	0.0	0.0
mouse-like (3 vs 6)	0.0	1.5	0.3	0.2938	0.2937	0.1404	0.1407	0.0745	0.0	0.0	0.0	0.0	0.0	0.0	0.0	0.0	0.0
mouse-like (3 vs 6)	0.0	2.2	1.0	0.1627	0.1627	0.2907	0.2903	0.133	0.02	1.0	1.0	0.69	0.6867	0.98	0.0	-0.0033	-0.3133
mouse-like (3 vs 6)	0.0	2.2	0.9	0.1636	0.1636	0.2614	0.2613	0.12	0.0033	1.0	1.0	0.22	0.2333	0.9967	0.0	0.0133	-0.7667
mouse-like (3 vs 6)	0.0	2.2	0.7	0.1632	0.1632	0.2023	0.2021	0.0931	0.0	0.97	0.97	0.0	0.0	0.97	0.0	0.0	-0.97
mouse-like (3 vs 6)	0.0	2.2	0.5	0.1627	0.1628	0.1451	0.1453	0.0676	0.0	0.2367	0.2367	0.0	0.0	0.2367	0.0	0.0	-0.2367
mouse-like (3 vs 6)	0.0	2.2	0.3	0.1627	0.1627	0.0858	0.0859	0.0401	0.0	0.0033	0.0033	0.0	0.0	0.0033	0.0	0.0	-0.0033
mouse-like (3 vs 6)	0.26	0.15	1.0	0.9763	0.9777	0.9896	0.9889	0.9709	0.0	1.0	1.0	0.9933	0.9933	1.0	0.0	0.0	-0.0067
mouse-like (3 vs 6)	0.26	0.15	0.9	0.9763	0.9777	0.8969	0.89	0.8738	0.0	0.0	0.0	0.0	0.0	0.0	0.0	0.0	0.0
mouse-like (3 vs 6)	0.26	0.15	0.7	0.9762	0.9777	0.7115	0.6926	0.6799	0.0	0.0	0.0	0.0	0.0	0.0	0.0	0.0	0.0
mouse-like (3 vs 6)	0.26	0.15	0.5	0.9762	0.9777	0.5257	0.4944	0.4854	0.0	0.0	0.0	0.0	0.0	0.0	0.0	0.0	0.0
mouse-like (3 vs 6)	0.26	0.15	0.3	0.9762	0.9777	0.3411	0.2969	0.2916	0.0	0.0	0.0	0.0	0.0	0.0	0.0	0.0	0.0
mouse-like (3 vs 6)	0.26	0.25	1.0	0.9367	0.9404	0.9716	0.9698	0.9231	0.0	1.0	1.0	0.9967	0.9967	1.0	0.0	0.0	-0.0033
mouse-like (3 vs 6)	0.26	0.25	0.9	0.9367	0.9404	0.8804	0.8724	0.8304	0.0	0.0	0.0	0.0	0.0	0.0	0.0	0.0	0.0
mouse-like (3 vs 6)	0.26	0.25	0.7	0.9367	0.9405	0.6987	0.6791	0.6465	0.0	0.0	0.0	0.0	0.0	0.0	0.0	0.0	0.0
mouse-like (3 vs 6)	0.26	0.25	0.5	0.9367	0.9405	0.5163	0.485	0.4619	0.0	0.0	0.0	0.0	0.0	0.0	0.0	0.0	0.0
mouse-like (3 vs 6)	0.26	0.25	0.3	0.9368	0.9406	0.3339	0.2904	0.2765	0.0	0.0	0.0	0.0	0.0	0.0	0.0	0.0	0.0
mouse-like (3 vs 6)	0.26	0.35	1.0	0.8833	0.8896	0.9458	0.9425	0.8599	0.0	1.0	1.0	0.9867	0.9867	1.0	0.0	0.0	-0.0133
mouse-like (3 vs 6)	0.26	0.35	0.9	0.8833	0.8898	0.8571	0.848	0.7737	0.0	0.0	0.0	0.0	0.0	0.0	0.0	0.0	0.0
mouse-like (3 vs 6)	0.26	0.35	0.7	0.8834	0.89	0.6799	0.6599	0.6021	0.0	0.0	0.0	0.0	0.0	0.0	0.0	0.0	0.0
mouse-like (3 vs 6)	0.26	0.35	0.5	0.8834	0.89	0.5038	0.4715	0.4303	0.0	0.0	0.0	0.0	0.0	0.0	0.0	0.0	0.0
mouse-like (3 vs 6)	0.26	0.35	0.3	0.8833	0.8898	0.3256	0.2829	0.2576	0.0	0.0	0.0	0.0	0.0	0.0	0.0	0.0	0.0
mouse-like (3 vs 6)	0.26	0.5	1.0	0.788	0.7987	0.8948	0.8887	0.7498	0.0	1.0	1.0	0.9733	0.9733	1.0	0.0	0.0	-0.0267
mouse-like (3 vs 6)	0.26	0.5	0.9	0.788	0.7986	0.8111	0.7999	0.675	0.0	0.9767	0.9933	0.0	0.0	0.9767	0.0166	0.0	-0.9933
mouse-like (3 vs 6)	0.26	0.5	0.7	0.7878	0.7983	0.6436	0.622	0.5248	0.0	0.0	0.0	0.0	0.0	0.0	0.0	0.0	0.0
mouse-like (3 vs 6)	0.26	0.5	0.5	0.7883	0.799	0.4757	0.444	0.3747	0.0	0.0	0.0	0.0	0.0	0.0	0.0	0.0	0.0
mouse-like (3 vs 6)	0.26	0.5	0.3	0.788	0.7988	0.3094	0.2675	0.2249	0.0	0.0	0.0	0.0	0.0	0.0	0.0	0.0	0.0
mouse-like (3 vs 6)	0.26	0.7	1.0	0.6553	0.6697	0.8143	0.8042	0.6057	0.0	1.0	1.0	0.9633	0.9633	1.0	0.0	0.0	-0.0367
mouse-like (3 vs 6)	0.26	0.7	0.9	0.6547	0.6692	0.7372	0.7233	0.5442	0.0	1.0	1.0	0.0	0.0	1.0	0.0	0.0	-1.0
mouse-like (3 vs 6)	0.26	0.7	0.7	0.6554	0.6699	0.5855	0.5632	0.4234	0.0	0.0	0.0	0.0	0.0	0.0	0.0	0.0	0.0
mouse-like (3 vs 6)	0.26	0.7	0.5	0.6553	0.6699	0.4326	0.402	0.3024	0.0	0.0	0.0	0.0	0.0	0.0	0.0	0.0	0.0
mouse-like (3 vs 6)	0.26	0.7	0.3	0.6557	0.67	0.2786	0.2406	0.181	0.0	0.0	0.0	0.0	0.0	0.0	0.0	0.0	0.0
mouse-like (3 vs 6)	0.26	1.0	1.0	0.4829	0.499	0.6807	0.6671	0.4281	0.0	1.0	1.0	0.89	0.8933	1.0	0.0	0.0033	-0.1067
mouse-like (3 vs 6)	0.26	1.0	0.9	0.4842	0.5002	0.6163	0.5996	0.3855	0.0	1.0	1.0	0.0	0.0	1.0	0.0	0.0	-1.0
mouse-like (3 vs 6)	0.26	1.0	0.7	0.4847	0.5009	0.49	0.4676	0.3006	0.0	0.13	0.2333	0.0	0.0	0.13	0.1033	0.0	-0.2333
mouse-like (3 vs 6)	0.26	1.0	0.5	0.4831	0.4994	0.3621	0.3329	0.2144	0.0	0.0	0.0	0.0	0.0	0.0	0.0	0.0	0.0
mouse-like (3 vs 6)	0.26	1.0	0.3	0.4836	0.4997	0.2363	0.2028	0.1301	0.0	0.0	0.0	0.0	0.0	0.0	0.0	0.0	0.0
mouse-like (3 vs 6)	0.26	1.5	1.0	0.2953	0.3091	0.4876	0.471	0.2497	0.0	1.0	1.0	0.7867	0.79	1.0	0.0	0.0033	-0.21
mouse-like (3 vs 6)	0.26	1.5	0.9	0.2946	0.3083	0.4412	0.4237	0.225	0.0	1.0	1.0	0.0267	0.0267	1.0	0.0	0.0	-0.9733
mouse-like (3 vs 6)	0.26	1.5	0.7	0.2944	0.3082	0.3481	0.3274	0.1735	0.0	0.9533	0.98	0.0	0.0	0.9533	0.0267	0.0	-0.98
mouse-like (3 vs 6)	0.26	1.5	0.5	0.2945	0.3081	0.2591	0.2367	0.1249	0.0	0.0033	0.0033	0.0	0.0	0.0033	0.0	0.0	-0.0033
mouse-like (3 vs 6)	0.26	1.5	0.3	0.294	0.3078	0.169	0.1429	0.0749	0.0	0.0	0.0	0.0	0.0	0.0	0.0	0.0	0.0
mouse-like (3 vs 6)	0.26	2.2	1.0	0.1631	0.1723	0.306	0.2927	0.1341	0.01	1.0	1.0	0.71	0.71	0.99	0.0	0.0	-0.29
mouse-like (3 vs 6)	0.26	2.2	0.9	0.163	0.1721	0.2771	0.2623	0.1217	0.0	1.0	1.0	0.26	0.2667	1.0	0.0	0.0067	-0.7333
mouse-like (3 vs 6)	0.26	2.2	0.7	0.1646	0.1736	0.2184	0.2033	0.0931	0.0	0.9733	0.99	0.0	0.0	0.9733	0.0167	0.0	-0.99
mouse-like (3 vs 6)	0.26	2.2	0.5	0.1632	0.1722	0.1628	0.1458	0.0659	0.0	0.2167	0.31	0.0	0.0	0.2167	0.0933	0.0	-0.31
mouse-like (3 vs 6)	0.26	2.2	0.3	0.1634	0.1727	0.1055	0.0879	0.0405	0.0	0.0033	0.0033	0.0	0.0	0.0033	0.0	0.0	-0.0033
mouse-like (3 vs 6)	0.44	0.15	1.0	0.9763	0.98	0.9906	0.9889	0.9709	0.0	1.0	1.0	0.99	0.99	1.0	0.0	0.0	-0.01
mouse-like (3 vs 6)	0.44	0.15	0.9	0.9763	0.98	0.9077	0.8902	0.874	0.0	0.0	0.0	0.0	0.0	0.0	0.0	0.0	0.0
mouse-like (3 vs 6)	0.44	0.15	0.7	0.9763	0.98	0.7418	0.6921	0.6796	0.0	0.0	0.0	0.0	0.0	0.0	0.0	0.0	0.0
mouse-like (3 vs 6)	0.44	0.15	0.5	0.9763	0.98	0.5748	0.4944	0.4854	0.0	0.0	0.0	0.0	0.0	0.0	0.0	0.0	0.0
mouse-like (3 vs 6)	0.44	0.15	0.3	0.9762	0.98	0.4097	0.2968	0.2915	0.0	0.0	0.0	0.0	0.0	0.0	0.0	0.0	0.0
mouse-like (3 vs 6)	0.44	0.25	1.0	0.9367	0.9463	0.9745	0.9697	0.9231	0.0	1.0	1.0	0.9867	0.99	1.0	0.0	0.0033	-0.01
mouse-like (3 vs 6)	0.44	0.25	0.9	0.9368	0.9466	0.8931	0.8727	0.8308	0.0	0.0	0.0	0.0	0.0	0.0	0.0	0.0	0.0
mouse-like (3 vs 6)	0.44	0.25	0.7	0.9367	0.9465	0.7296	0.6788	0.6459	0.0	0.0	0.0	0.0	0.0	0.0	0.0	0.0	0.0
mouse-like (3 vs 6)	0.44	0.25	0.5	0.9367	0.9464	0.5655	0.4841	0.4609	0.0	0.0	0.0	0.0	0.0	0.0	0.0	0.0	0.0
mouse-like (3 vs 6)	0.44	0.25	0.3	0.9367	0.9464	0.4041	0.2912	0.2772	0.0	0.0	0.0	0.0	0.0	0.0	0.0	0.0	0.0
mouse-like (3 vs 6)	0.44	0.35	1.0	0.8833	0.9003	0.9513	0.9423	0.8597	0.0	1.0	1.0	0.9867	0.9867	1.0	0.0	0.0	-0.0133
mouse-like (3 vs 6)	0.44	0.35	0.9	0.8832	0.9002	0.8716	0.8483	0.7738	0.0	0.0	0.0	0.0	0.0	0.0	0.0	0.0	0.0
mouse-like (3 vs 6)	0.44	0.35	0.7	0.8832	0.9001	0.7119	0.6598	0.6025	0.0	0.0	0.0	0.0	0.0	0.0	0.0	0.0	0.0
mouse-like (3 vs 6)	0.44	0.35	0.5	0.8831	0.9002	0.5531	0.471	0.4295	0.0	0.0	0.0	0.0	0.0	0.0	0.0	0.0	0.0
mouse-like (3 vs 6)	0.44	0.35	0.3	0.883	0.9001	0.3934	0.2821	0.2575	0.0	0.0	0.0	0.0	0.0	0.0	0.0	0.0	0.0
mouse-like (3 vs 6)	0.44	0.5	1.0	0.7877	0.8157	0.905	0.889	0.7501	0.0	1.0	1.0	0.9633	0.9667	1.0	0.0	0.0034	-0.0333
mouse-like (3 vs 6)	0.44	0.5	0.9	0.7881	0.8161	0.8294	0.8001	0.675	0.0	0.97	0.99	0.0	0.0	0.97	0.02	0.0	-0.99
mouse-like (3 vs 6)	0.44	0.5	0.7	0.7879	0.8156	0.6778	0.623	0.5256	0.0	0.0	0.0	0.0	0.0	0.0	0.0	0.0	0.0
mouse-like (3 vs 6)	0.44	0.5	0.5	0.7879	0.8157	0.5254	0.4448	0.3746	0.0	0.0	0.0	0.0	0.0	0.0	0.0	0.0	0.0
mouse-like (3 vs 6)	0.44	0.5	0.3	0.7883	0.816	0.3741	0.2666	0.2251	0.0	0.0	0.0	0.0	0.0	0.0	0.0	0.0	0.0
mouse-like (3 vs 6)	0.44	0.7	1.0	0.6554	0.694	0.8301	0.8035	0.6053	0.0	1.0	1.0	0.97	0.97	1.0	0.0	0.0	-0.03
mouse-like (3 vs 6)	0.44	0.7	0.9	0.6553	0.6938	0.76	0.7232	0.544	0.0	1.0	1.0	0.0	0.0	1.0	0.0	0.0	-1.0
mouse-like (3 vs 6)	0.44	0.7	0.7	0.6555	0.6939	0.6199	0.562	0.4227	0.0	0.0	0.0	0.0	0.0	0.0	0.0	0.0	0.0
mouse-like (3 vs 6)	0.44	0.7	0.5	0.6556	0.6941	0.4832	0.4031	0.3037	0.0	0.0	0.0	0.0	0.0	0.0	0.0	0.0	0.0
mouse-like (3 vs 6)	0.44	0.7	0.3	0.6547	0.6937	0.3444	0.24	0.1808	0.0	0.0	0.0	0.0	0.0	0.0	0.0	0.0	0.0
mouse-like (3 vs 6)	0.44	1.0	1.0	0.4838	0.5275	0.7042	0.6662	0.4274	0.0	1.0	1.0	0.8867	0.91	1.0	0.0	0.0233	-0.09
mouse-like (3 vs 6)	0.44	1.0	0.9	0.4833	0.5274	0.646	0.6002	0.3861	0.0	1.0	1.0	0.0	0.0	1.0	0.0	0.0	-1.0
mouse-like (3 vs 6)	0.44	1.0	0.7	0.4835	0.5275	0.5295	0.4675	0.3006	0.0	0.15	0.5633	0.0	0.0	0.15	0.4133	0.0	-0.5633
mouse-like (3 vs 6)	0.44	1.0	0.5	0.483	0.5269	0.4087	0.3317	0.2131	0.0	0.0	0.0	0.0	0.0	0.0	0.0	0.0	0.0
mouse-like (3 vs 6)	0.44	1.0	0.3	0.4832	0.527	0.2905	0.199	0.128	0.0	0.0	0.0	0.0	0.0	0.0	0.0	0.0	0.0
mouse-like (3 vs 6)	0.44	1.5	1.0	0.2955	0.3335	0.5157	0.472	0.2501	0.0	1.0	1.0	0.79	0.82	1.0	0.0	0.03	-0.18
mouse-like (3 vs 6)	0.44	1.5	0.9	0.2945	0.3324	0.4706	0.4222	0.2241	0.0	1.0	1.0	0.0367	0.0367	1.0	0.0	0.0	-0.9633
mouse-like (3 vs 6)	0.44	1.5	0.7	0.2951	0.3331	0.386	0.3301	0.1749	0.0	0.9867	1.0	0.0	0.0	0.9867	0.0133	0.0	-1.0
mouse-like (3 vs 6)	0.44	1.5	0.5	0.2946	0.3322	0.297	0.2328	0.1235	0.0	0.0	0.04	0.0	0.0	0.0	0.04	0.0	-0.04
mouse-like (3 vs 6)	0.44	1.5	0.3	0.295	0.3327	0.2125	0.1402	0.0749	0.0	0.0	0.0	0.0	0.0	0.0	0.0	0.0	0.0
mouse-like (3 vs 6)	0.44	2.2	1.0	0.1638	0.1889	0.3311	0.2922	0.1349	0.0067	1.0	1.0	0.6867	0.7133	0.9933	0.0	0.0266	-0.2867
mouse-like (3 vs 6)	0.44	2.2	0.9	0.1624	0.1879	0.3014	0.2626	0.1199	0.0	1.0	1.0	0.2467	0.26	1.0	0.0	0.0133	-0.74
mouse-like (3 vs 6)	0.44	2.2	0.7	0.1639	0.1893	0.25	0.2087	0.0958	0.0	0.9667	1.0	0.0033	0.0067	0.9667	0.0333	0.0034	-0.9933
mouse-like (3 vs 6)	0.44	2.2	0.5	0.1636	0.1892	0.1915	0.1459	0.0667	0.0	0.2233	0.5367	0.0	0.0	0.2233	0.3134	0.0	-0.5367
mouse-like (3 vs 6)	0.44	2.2	0.3	0.164	0.1895	0.1357	0.0853	0.0401	0.0	0.0	0.01	0.0	0.0	0.0	0.01	0.0	-0.01
feline-like (7 vs 6)	0.0	0.15	1.0	0.9861	0.9861	0.9931	0.9931	0.9852	0.0	1.0	1.0	0.59	0.59	1.0	0.0	0.0	-0.41
feline-like (7 vs 6)	0.0	0.15	0.9	0.9861	0.9861	0.8937	0.8937	0.8866	0.0	0.0	0.0	0.0	0.0	0.0	0.0	0.0	0.0
feline-like (7 vs 6)	0.0	0.15	0.7	0.9862	0.9862	0.6953	0.6953	0.6898	0.0	0.0	0.0	0.0	0.0	0.0	0.0	0.0	0.0
feline-like (7 vs 6)	0.0	0.15	0.5	0.9861	0.9861	0.4966	0.4967	0.4928	0.0	0.0	0.0	0.0	0.0	0.0	0.0	0.0	0.0
feline-like (7 vs 6)	0.0	0.15	0.3	0.9862	0.9862	0.2977	0.2975	0.2954	0.0	0.0	0.0	0.0	0.0	0.0	0.0	0.0	0.0
feline-like (7 vs 6)	0.0	0.25	1.0	0.9625	0.9625	0.981	0.981	0.96	0.0	1.0	1.0	0.5867	0.5867	1.0	0.0	0.0	-0.4133
feline-like (7 vs 6)	0.0	0.25	0.9	0.9625	0.9625	0.8832	0.8832	0.8642	0.0	0.0	0.0	0.0	0.0	0.0	0.0	0.0	0.0
feline-like (7 vs 6)	0.0	0.25	0.7	0.9625	0.9625	0.6868	0.6868	0.6721	0.0	0.0	0.0	0.0	0.0	0.0	0.0	0.0	0.0
feline-like (7 vs 6)	0.0	0.25	0.5	0.9624	0.9624	0.4906	0.4907	0.48	0.0	0.0	0.0	0.0	0.0	0.0	0.0	0.0	0.0
feline-like (7 vs 6)	0.0	0.25	0.3	0.9624	0.9624	0.2935	0.2935	0.2874	0.0	0.0	0.0	0.0	0.0	0.0	0.0	0.0	0.0
feline-like (7 vs 6)	0.0	0.35	1.0	0.929	0.929	0.9635	0.9635	0.9245	0.0	1.0	1.0	0.58	0.5767	1.0	0.0	-0.0033	-0.4233
feline-like (7 vs 6)	0.0	0.35	0.9	0.929	0.929	0.8672	0.8672	0.8323	0.0	0.0	0.0	0.0	0.0	0.0	0.0	0.0	0.0
feline-like (7 vs 6)	0.0	0.35	0.7	0.929	0.929	0.6741	0.6741	0.6471	0.0	0.0	0.0	0.0	0.0	0.0	0.0	0.0	0.0
feline-like (7 vs 6)	0.0	0.35	0.5	0.9289	0.9289	0.4816	0.4817	0.462	0.0	0.0	0.0	0.0	0.0	0.0	0.0	0.0	0.0
feline-like (7 vs 6)	0.0	0.35	0.3	0.929	0.929	0.2891	0.289	0.2772	0.0	0.0	0.0	0.0	0.0	0.0	0.0	0.0	0.0
feline-like (7 vs 6)	0.0	0.5	1.0	0.865	0.8649	0.9282	0.9283	0.8574	0.0	1.0	1.0	0.6	0.61	1.0	0.0	0.01	-0.39
feline-like (7 vs 6)	0.0	0.5	0.9	0.8649	0.8649	0.8357	0.8357	0.7717	0.0	0.0	0.0	0.0	0.0	0.0	0.0	0.0	0.0
feline-like (7 vs 6)	0.0	0.5	0.7	0.8651	0.8651	0.6492	0.6492	0.6	0.0	0.0	0.0	0.0	0.0	0.0	0.0	0.0	0.0
feline-like (7 vs 6)	0.0	0.5	0.5	0.865	0.865	0.4645	0.4646	0.4284	0.0	0.0	0.0	0.0	0.0	0.0	0.0	0.0	0.0
feline-like (7 vs 6)	0.0	0.5	0.3	0.865	0.865	0.2773	0.2772	0.2563	0.0	0.0	0.0	0.0	0.0	0.0	0.0	0.0	0.0
feline-like (7 vs 6)	0.0	0.7	1.0	0.7659	0.7659	0.8683	0.8683	0.754	0.0033	1.0	1.0	0.5867	0.5867	0.9967	0.0	0.0	-0.4133
feline-like (7 vs 6)	0.0	0.7	0.9	0.7656	0.7656	0.7811	0.7813	0.678	0.0	1.0	1.0	0.0	0.0	1.0	0.0	0.0	-1.0
feline-like (7 vs 6)	0.0	0.7	0.7	0.7659	0.7659	0.6081	0.6082	0.5277	0.0	0.0	0.0	0.0	0.0	0.0	0.0	0.0	0.0
feline-like (7 vs 6)	0.0	0.7	0.5	0.7658	0.7658	0.4338	0.4336	0.3766	0.0	0.0	0.0	0.0	0.0	0.0	0.0	0.0	0.0
feline-like (7 vs 6)	0.0	0.7	0.3	0.7658	0.7657	0.2604	0.2606	0.2262	0.0	0.0	0.0	0.0	0.0	0.0	0.0	0.0	0.0
feline-like (7 vs 6)	0.0	1.0	1.0	0.6161	0.6161	0.7639	0.7641	0.5999	0.0033	1.0	1.0	0.57	0.57	0.9967	0.0	0.0	-0.43
feline-like (7 vs 6)	0.0	1.0	0.9	0.6159	0.6159	0.6878	0.6878	0.5403	0.0	1.0	1.0	0.0	0.0	1.0	0.0	0.0	-1.0
feline-like (7 vs 6)	0.0	1.0	0.7	0.6157	0.6158	0.5342	0.5341	0.42	0.0	0.0	0.0	0.0	0.0	0.0	0.0	0.0	0.0
feline-like (7 vs 6)	0.0	1.0	0.5	0.6162	0.6162	0.3827	0.3828	0.3009	0.0	0.0	0.0	0.0	0.0	0.0	0.0	0.0	0.0
feline-like (7 vs 6)	0.0	1.0	0.3	0.6155	0.6155	0.2289	0.2289	0.1801	0.0	0.0	0.0	0.0	0.0	0.0	0.0	0.0	0.0
feline-like (7 vs 6)	0.0	1.5	1.0	0.4164	0.4164	0.5906	0.5905	0.4008	0.0667	1.0	1.0	0.5667	0.57	0.9333	0.0	0.0033	-0.43
feline-like (7 vs 6)	0.0	1.5	0.9	0.4162	0.4162	0.5307	0.5305	0.36	0.0	1.0	1.0	0.0	0.0	1.0	0.0	0.0	-1.0
feline-like (7 vs 6)	0.0	1.5	0.7	0.4161	0.4161	0.4126	0.413	0.2795	0.0	0.4067	0.4133	0.0	0.0	0.4067	0.0066	0.0	-0.4133
feline-like (7 vs 6)	0.0	1.5	0.5	0.416	0.4161	0.2946	0.2945	0.1997	0.0	0.0	0.0	0.0	0.0	0.0	0.0	0.0	0.0
feline-like (7 vs 6)	0.0	1.5	0.3	0.4151	0.4151	0.1773	0.1769	0.1198	0.0	0.0	0.0	0.0	0.0	0.0	0.0	0.0	0.0
feline-like (7 vs 6)	0.0	2.2	1.0	0.2491	0.2491	0.4009	0.401	0.2371	0.1533	1.0	1.0	0.53	0.53	0.8467	0.0	0.0	-0.47
feline-like (7 vs 6)	0.0	2.2	0.9	0.2485	0.2485	0.3578	0.3578	0.2124	0.0033	1.0	1.0	0.0333	0.0333	0.9967	0.0	0.0	-0.9667
feline-like (7 vs 6)	0.0	2.2	0.7	0.2485	0.2485	0.2806	0.2808	0.1662	0.0	0.9533	0.9533	0.0	0.0	0.9533	0.0	0.0	-0.9533
feline-like (7 vs 6)	0.0	2.2	0.5	0.2492	0.2492	0.1999	0.1998	0.1181	0.0	0.0067	0.0067	0.0	0.0	0.0067	0.0	0.0	-0.0067
feline-like (7 vs 6)	0.0	2.2	0.3	0.2484	0.2484	0.1198	0.1202	0.0711	0.0	0.0	0.0	0.0	0.0	0.0	0.0	0.0	0.0
feline-like (7 vs 6)	0.26	0.15	1.0	0.9861	0.987	0.9935	0.9931	0.9852	0.0	1.0	1.0	0.6033	0.6033	1.0	0.0	0.0	-0.3967
feline-like (7 vs 6)	0.26	0.15	0.9	0.9861	0.987	0.9004	0.8939	0.8868	0.0	0.0	0.0	0.0	0.0	0.0	0.0	0.0	0.0
feline-like (7 vs 6)	0.26	0.15	0.7	0.9861	0.987	0.7137	0.695	0.6895	0.0	0.0	0.0	0.0	0.0	0.0	0.0	0.0	0.0
feline-like (7 vs 6)	0.26	0.15	0.5	0.9862	0.987	0.5273	0.4962	0.4923	0.0	0.0	0.0	0.0	0.0	0.0	0.0	0.0	0.0
feline-like (7 vs 6)	0.26	0.15	0.3	0.9861	0.987	0.3427	0.2982	0.2957	0.0	0.0	0.0	0.0	0.0	0.0	0.0	0.0	0.0
feline-like (7 vs 6)	0.26	0.25	1.0	0.9625	0.9647	0.9822	0.981	0.9601	0.0	1.0	1.0	0.6	0.5933	1.0	0.0	-0.0067	-0.4067
feline-like (7 vs 6)	0.26	0.25	0.9	0.9624	0.9647	0.8902	0.8829	0.864	0.0	0.0	0.0	0.0	0.0	0.0	0.0	0.0	0.0
feline-like (7 vs 6)	0.26	0.25	0.7	0.9624	0.9647	0.7064	0.6867	0.6719	0.0	0.0	0.0	0.0	0.0	0.0	0.0	0.0	0.0
feline-like (7 vs 6)	0.26	0.25	0.5	0.9624	0.9647	0.5223	0.4902	0.4799	0.0	0.0	0.0	0.0	0.0	0.0	0.0	0.0	0.0
feline-like (7 vs 6)	0.26	0.25	0.3	0.9624	0.9647	0.3385	0.2947	0.2885	0.0	0.0	0.0	0.0	0.0	0.0	0.0	0.0	0.0
feline-like (7 vs 6)	0.26	0.35	1.0	0.9289	0.9331	0.9657	0.9634	0.9246	0.0	1.0	1.0	0.6033	0.5933	1.0	0.0	-0.01	-0.4067
feline-like (7 vs 6)	0.26	0.35	0.9	0.9289	0.9332	0.8755	0.8671	0.8321	0.0	0.0	0.0	0.0	0.0	0.0	0.0	0.0	0.0
feline-like (7 vs 6)	0.26	0.35	0.7	0.929	0.9332	0.6944	0.6742	0.6471	0.0	0.0	0.0	0.0	0.0	0.0	0.0	0.0	0.0
feline-like (7 vs 6)	0.26	0.35	0.5	0.929	0.9331	0.5132	0.4822	0.4631	0.0	0.0	0.0	0.0	0.0	0.0	0.0	0.0	0.0
feline-like (7 vs 6)	0.26	0.35	0.3	0.929	0.9332	0.333	0.2892	0.2776	0.0	0.0	0.0	0.0	0.0	0.0	0.0	0.0	0.0
feline-like (7 vs 6)	0.26	0.5	1.0	0.8651	0.8726	0.9326	0.9283	0.8573	0.0	1.0	1.0	0.6067	0.6067	1.0	0.0	0.0	-0.3933
feline-like (7 vs 6)	0.26	0.5	0.9	0.865	0.8725	0.8451	0.8354	0.7714	0.0	0.0	0.0	0.0	0.0	0.0	0.0	0.0	0.0
feline-like (7 vs 6)	0.26	0.5	0.7	0.8652	0.8727	0.671	0.65	0.6007	0.0	0.0	0.0	0.0	0.0	0.0	0.0	0.0	0.0
feline-like (7 vs 6)	0.26	0.5	0.5	0.8649	0.8724	0.4956	0.4636	0.4283	0.0	0.0	0.0	0.0	0.0	0.0	0.0	0.0	0.0
feline-like (7 vs 6)	0.26	0.5	0.3	0.865	0.8724	0.3197	0.2783	0.2569	0.0	0.0	0.0	0.0	0.0	0.0	0.0	0.0	0.0
feline-like (7 vs 6)	0.26	0.7	1.0	0.7658	0.7772	0.8758	0.8683	0.7541	0.0	1.0	1.0	0.57	0.5733	1.0	0.0	0.0033	-0.4267
feline-like (7 vs 6)	0.26	0.7	0.9	0.7657	0.7775	0.7943	0.7816	0.6784	0.0	0.9933	0.9967	0.0	0.0	0.9933	0.0034	0.0	-0.9967
feline-like (7 vs 6)	0.26	0.7	0.7	0.7658	0.7774	0.6297	0.6079	0.5277	0.0	0.0	0.0	0.0	0.0	0.0	0.0	0.0	0.0
feline-like (7 vs 6)	0.26	0.7	0.5	0.7655	0.7771	0.4668	0.4353	0.3775	0.0	0.0	0.0	0.0	0.0	0.0	0.0	0.0	0.0
feline-like (7 vs 6)	0.26	0.7	0.3	0.766	0.7775	0.3019	0.2614	0.2267	0.0	0.0	0.0	0.0	0.0	0.0	0.0	0.0	0.0
feline-like (7 vs 6)	0.26	1.0	1.0	0.6158	0.6313	0.7755	0.7634	0.6001	0.0067	1.0	1.0	0.5767	0.58	0.9933	0.0	0.0033	-0.42
feline-like (7 vs 6)	0.26	1.0	0.9	0.6161	0.6311	0.7022	0.6873	0.5406	0.0	1.0	1.0	0.0	0.0	1.0	0.0	0.0	-1.0
feline-like (7 vs 6)	0.26	1.0	0.7	0.6153	0.6309	0.5565	0.5337	0.4191	0.0	0.0	0.0	0.0	0.0	0.0	0.0	0.0	0.0
feline-like (7 vs 6)	0.26	1.0	0.5	0.6159	0.6312	0.4121	0.3806	0.2993	0.0	0.0	0.0	0.0	0.0	0.0	0.0	0.0	0.0
feline-like (7 vs 6)	0.26	1.0	0.3	0.6157	0.6309	0.2669	0.2279	0.1797	0.0	0.0	0.0	0.0	0.0	0.0	0.0	0.0	0.0
feline-like (7 vs 6)	0.26	1.5	1.0	0.4165	0.4325	0.6055	0.5894	0.3995	0.05	1.0	1.0	0.5467	0.55	0.95	0.0	0.0033	-0.45
feline-like (7 vs 6)	0.26	1.5	0.9	0.4156	0.4316	0.5495	0.531	0.3607	0.0	1.0	1.0	0.0	0.0	1.0	0.0	0.0	-1.0
feline-like (7 vs 6)	0.26	1.5	0.7	0.4165	0.4325	0.4343	0.4122	0.279	0.0	0.3933	0.56	0.0	0.0	0.3933	0.1667	0.0	-0.56
feline-like (7 vs 6)	0.26	1.5	0.5	0.4158	0.4317	0.3196	0.293	0.199	0.0	0.0	0.0	0.0	0.0	0.0	0.0	0.0	0.0
feline-like (7 vs 6)	0.26	1.5	0.3	0.4149	0.4309	0.2086	0.1782	0.1196	0.0	0.0	0.0	0.0	0.0	0.0	0.0	0.0	0.0
feline-like (7 vs 6)	0.26	2.2	1.0	0.25	0.2625	0.4191	0.404	0.2378	0.17	1.0	1.0	0.55	0.5533	0.83	0.0	0.0033	-0.4467
feline-like (7 vs 6)	0.26	2.2	0.9	0.2489	0.2613	0.3767	0.3602	0.2123	0.0033	1.0	1.0	0.02	0.02	0.9967	0.0	0.0	-0.98
feline-like (7 vs 6)	0.26	2.2	0.7	0.2493	0.2617	0.2985	0.2802	0.166	0.0	0.9333	0.9533	0.0	0.0	0.9333	0.02	0.0	-0.9533
feline-like (7 vs 6)	0.26	2.2	0.5	0.2479	0.2602	0.2207	0.2002	0.1182	0.0	0.0233	0.0367	0.0	0.0	0.0233	0.0134	0.0	-0.0367
feline-like (7 vs 6)	0.26	2.2	0.3	0.2486	0.261	0.1432	0.1191	0.0706	0.0	0.0	0.0	0.0	0.0	0.0	0.0	0.0	0.0
feline-like (7 vs 6)	0.44	0.15	1.0	0.9862	0.9884	0.9942	0.9931	0.9852	0.0	1.0	1.0	0.63	0.63	1.0	0.0	0.0	-0.37
feline-like (7 vs 6)	0.44	0.15	0.9	0.9861	0.9884	0.9109	0.8936	0.8866	0.0	0.0	0.0	0.0	0.0	0.0	0.0	0.0	0.0
feline-like (7 vs 6)	0.44	0.15	0.7	0.9862	0.9884	0.7443	0.6952	0.6897	0.0	0.0	0.0	0.0	0.0	0.0	0.0	0.0	0.0
feline-like (7 vs 6)	0.44	0.15	0.5	0.9862	0.9884	0.5775	0.4962	0.4923	0.0	0.0	0.0	0.0	0.0	0.0	0.0	0.0	0.0
feline-like (7 vs 6)	0.44	0.15	0.3	0.9861	0.9884	0.4118	0.2981	0.2958	0.0	0.0	0.0	0.0	0.0	0.0	0.0	0.0	0.0
feline-like (7 vs 6)	0.44	0.25	1.0	0.9625	0.9684	0.984	0.9811	0.9601	0.0	1.0	1.0	0.6233	0.62	1.0	0.0	-0.0033	-0.38
feline-like (7 vs 6)	0.44	0.25	0.9	0.9624	0.9683	0.9015	0.883	0.8642	0.0	0.0	0.0	0.0	0.0	0.0	0.0	0.0	0.0
feline-like (7 vs 6)	0.44	0.25	0.7	0.9625	0.9683	0.7362	0.6871	0.6724	0.0	0.0	0.0	0.0	0.0	0.0	0.0	0.0	0.0
feline-like (7 vs 6)	0.44	0.25	0.5	0.9625	0.9683	0.571	0.4904	0.4797	0.0	0.0	0.0	0.0	0.0	0.0	0.0	0.0	0.0
feline-like (7 vs 6)	0.44	0.25	0.3	0.9624	0.9683	0.4061	0.2941	0.2879	0.0	0.0	0.0	0.0	0.0	0.0	0.0	0.0	0.0
feline-like (7 vs 6)	0.44	0.35	1.0	0.929	0.9398	0.9692	0.9635	0.9247	0.0	1.0	1.0	0.6067	0.61	1.0	0.0	0.0033	-0.39
feline-like (7 vs 6)	0.44	0.35	0.9	0.929	0.9399	0.888	0.8668	0.8318	0.0	0.0	0.0	0.0	0.0	0.0	0.0	0.0	0.0
feline-like (7 vs 6)	0.44	0.35	0.7	0.929	0.9398	0.7257	0.6751	0.6478	0.0	0.0	0.0	0.0	0.0	0.0	0.0	0.0	0.0
feline-like (7 vs 6)	0.44	0.35	0.5	0.929	0.9398	0.563	0.4816	0.4623	0.0	0.0	0.0	0.0	0.0	0.0	0.0	0.0	0.0
feline-like (7 vs 6)	0.44	0.35	0.3	0.929	0.9398	0.4003	0.2888	0.2773	0.0	0.0	0.0	0.0	0.0	0.0	0.0	0.0	0.0
feline-like (7 vs 6)	0.44	0.5	1.0	0.8651	0.8844	0.9394	0.9286	0.8573	0.0	1.0	1.0	0.6233	0.62	1.0	0.0	-0.0033	-0.38
feline-like (7 vs 6)	0.44	0.5	0.9	0.8651	0.8844	0.8603	0.835	0.7715	0.0	0.0	0.0	0.0	0.0	0.0	0.0	0.0	0.0
feline-like (7 vs 6)	0.44	0.5	0.7	0.865	0.8844	0.7035	0.6496	0.5996	0.0	0.0	0.0	0.0	0.0	0.0	0.0	0.0	0.0
feline-like (7 vs 6)	0.44	0.5	0.5	0.8651	0.8843	0.5447	0.4642	0.4292	0.0	0.0	0.0	0.0	0.0	0.0	0.0	0.0	0.0
feline-like (7 vs 6)	0.44	0.5	0.3	0.8651	0.8845	0.3878	0.2779	0.2568	0.0	0.0	0.0	0.0	0.0	0.0	0.0	0.0	0.0
feline-like (7 vs 6)	0.44	0.7	1.0	0.7657	0.7959	0.8873	0.8684	0.7536	0.0	1.0	1.0	0.6	0.5933	1.0	0.0	-0.0067	-0.4067
feline-like (7 vs 6)	0.44	0.7	0.9	0.7657	0.7958	0.8125	0.7811	0.6779	0.0	0.9933	1.0	0.0	0.0	0.9933	0.0067	0.0	-1.0
feline-like (7 vs 6)	0.44	0.7	0.7	0.7657	0.7958	0.6634	0.6073	0.5278	0.0	0.0	0.0	0.0	0.0	0.0	0.0	0.0	0.0
feline-like (7 vs 6)	0.44	0.7	0.5	0.7659	0.796	0.5162	0.4348	0.3774	0.0	0.0	0.0	0.0	0.0	0.0	0.0	0.0	0.0
feline-like (7 vs 6)	0.44	0.7	0.3	0.7658	0.796	0.3677	0.2605	0.2263	0.0	0.0	0.0	0.0	0.0	0.0	0.0	0.0	0.0
feline-like (7 vs 6)	0.44	1.0	1.0	0.6158	0.6571	0.7945	0.7632	0.5999	0.0033	1.0	1.0	0.5867	0.5833	0.9967	0.0	-0.0034	-0.4167
feline-like (7 vs 6)	0.44	1.0	0.9	0.6161	0.6571	0.728	0.6876	0.5406	0.0	1.0	1.0	0.0	0.0	1.0	0.0	0.0	-1.0
feline-like (7 vs 6)	0.44	1.0	0.7	0.616	0.6565	0.5938	0.5348	0.42	0.0	0.0	0.0	0.0	0.0	0.0	0.0	0.0	0.0
feline-like (7 vs 6)	0.44	1.0	0.5	0.6155	0.6559	0.4626	0.3828	0.3005	0.0	0.0	0.0	0.0	0.0	0.0	0.0	0.0	0.0
feline-like (7 vs 6)	0.44	1.0	0.3	0.616	0.6565	0.3281	0.2285	0.1797	0.0	0.0	0.0	0.0	0.0	0.0	0.0	0.0	0.0
feline-like (7 vs 6)	0.44	1.5	1.0	0.4157	0.4592	0.6318	0.5898	0.4009	0.0867	1.0	1.0	0.58	0.59	0.9133	0.0	0.01	-0.41
feline-like (7 vs 6)	0.44	1.5	0.9	0.4163	0.4593	0.58	0.5324	0.3608	0.0	1.0	1.0	0.0	0.0	1.0	0.0	0.0	-1.0
feline-like (7 vs 6)	0.44	1.5	0.7	0.4156	0.4591	0.473	0.4126	0.2804	0.0	0.45	0.8167	0.0	0.0	0.45	0.3667	0.0	-0.8167
feline-like (7 vs 6)	0.44	1.5	0.5	0.4166	0.46	0.3679	0.296	0.2007	0.0	0.0	0.0	0.0	0.0	0.0	0.0	0.0	0.0
feline-like (7 vs 6)	0.44	1.5	0.3	0.4158	0.4593	0.2582	0.1748	0.1183	0.0	0.0	0.0	0.0	0.0	0.0	0.0	0.0	0.0
feline-like (7 vs 6)	0.44	2.2	1.0	0.2489	0.2834	0.4444	0.4007	0.2369	0.1833	1.0	1.0	0.5533	0.55	0.8167	0.0	-0.0033	-0.45
feline-like (7 vs 6)	0.44	2.2	0.9	0.2485	0.2829	0.4063	0.3595	0.2128	0.0	1.0	1.0	0.0233	0.0233	1.0	0.0	0.0	-0.9767
feline-like (7 vs 6)	0.44	2.2	0.7	0.2494	0.2834	0.3311	0.2797	0.1654	0.0	0.9533	0.9967	0.0	0.0	0.9533	0.0434	0.0	-0.9967
feline-like (7 vs 6)	0.44	2.2	0.5	0.2484	0.2827	0.2582	0.2012	0.119	0.0	0.0167	0.1267	0.0	0.0	0.0167	0.11	0.0	-0.1267
feline-like (7 vs 6)	0.44	2.2	0.3	0.2473	0.2817	0.182	0.1182	0.0697	0.0	0.0	0.0	0.0	0.0	0.0	0.0	0.0	0.0
