groupA_gene	groupB_gene	groupA_expr_rank	groupB_expr_rank
CNN1	MEX3B	0.023708	0.023462
RBP4	DBF4	0.034534	0.028649
NEXN	UPK3B	0.040276	0.035709
FERMT3	CDCA3	0.042594	0.037346
CASP4	PPARG	0.054869	0.044248
S100A8	STK26	0.058735	0.050895
ALDH1B1	DHX58	0.059235	0.051836
TPPP3	APOLD1	0.059754	0.061112
PPM1J	CIITA	0.062741	0.061318
IL1RAP	ZSWIM3	0.05947	0.065252
SLC25A24	TBXAS1	0.076411	0.076446
CBR3	TMEM229B	0.075868	0.078522
ENO2	C1QTNF7	0.088291	0.0869
LMOD1	ADAM11	0.093155	0.088312
ASPN	TMEM79	0.099351	0.088955
SERPINF1	RIPK2	0.112851	0.095065
KRT15	PRSS36	0.113158	0.101053
PTRHD1	FBLN7	0.117445	0.113622
PGM5	SUV39H1	0.128992	0.126914
CD38	GLMN	0.130502	0.129584
HSPA12B	PLEKHG1	0.134806	0.13002
TRIM21	ABCB9	0.136571	0.132122
TGFB1I1	FOXN2	0.137852	0.1339
FABP5	DUS4L	0.13976	0.135415
PRKAR2B	NOSTRIN	0.141329	0.136183
LXN	SLC38A6	0.143305	0.139427
LMNB1	SATB2	0.143981	0.139432
HRG	DUSP19	0.151412	0.154349
HCLS1	ABCA5	0.161679	0.157187
GNPDA2	SGTB	0.145439	0.157292
ME2	PRELID2	0.170766	0.161349
NUP155	ZNF428	0.171544	0.165258
HP	TMEM8B	0.171858	0.166765
S100A4	HARBI1	0.175708	0.167752
WARS2	BTBD10	0.175734	0.167819
LRG1	CRACR2B	0.178318	0.168671
MRC1	TCEANC2	0.182074	0.168821
SULT1B1	MAGIX	0.184688	0.172632
ENO3	EEF2K	0.185149	0.173158
RFTN1	AP4E1	0.186496	0.176349
FABP1	EXO5	0.188708	0.177103
ISG15	GNRH1	0.188823	0.177606
FGL2	ZNF784	0.19062	0.179083
RMDN2	PDE4B	0.1936	0.180093
HSPA2	ABCC9	0.198655	0.183151
PLCD1	IFIH1	0.200124	0.188688
EIF2AK2	SNAPC1	0.202606	0.192593
PPIL3	ERCC6	0.204705	0.196228
SNRPC	ZNF436	0.208043	0.196569
TUBB6	GRK5	0.208983	0.196841
FKBP11	ITPKC	0.209307	0.200444
HGH1	PIGN	0.210703	0.200807
ALDOC	PDE3A	0.211967	0.201844
PTK7	SIRT6	0.212413	0.203112
APOA4	TRUB1	0.214866	0.204606
KRT10	MNAT1	0.222572	0.204696
CORO1A	MPP7	0.223554	0.205878
FGG	PSTK	0.224596	0.206134
UBA6	GEMIN6	0.22692	0.211145
LSP1	ZNHIT6	0.228937	0.213966
ENTPD1	CDK5RAP1	0.230518	0.214797
THY1	SLC39A6	0.232042	0.217563
CA8	LYSMD4	0.23236	0.220051
CNP	ADAMTS5	0.232939	0.222849
GLA	BBS9	0.234895	0.223406
ALDH1A2	ZNRF1	0.237542	0.225014
VCAM1	ZNF821	0.238271	0.226337
LHPP	FAM185A	0.238481	0.226442
CNPY4	NUP133	0.239752	0.227532
DHODH	GSAP	0.24081	0.228025
PYCARD	SALL2	0.24268	0.230425
PDLIM1	PHIP	0.242749	0.236567
ADA	CBX4	0.243064	0.240897
EFEMP2	ARHGAP8	0.244471	0.241472
PDLIM7	DNAJC17	0.244853	0.242193
CKAP4	PIK3IP1	0.245842	0.242941
SAMHD1	ASRGL1	0.253649	0.243691
MYO1B	DOCK7	0.255401	0.245914
NT5C3B	ZNF414	0.258609	0.249088
OLFML3	IER5L	0.260201	0.249661
EML4	DENND1B	0.261551	0.251823
CADM1	SRFBP1	0.262396	0.25232
PPIH	MFAP4	0.262681	0.252857
ST3GAL4	GMEB2	0.265153	0.252886
COL6A3	ABL2	0.266153	0.25298
FBLIM1	SUPT7L	0.267649	0.253012
PTGS1	MRM1	0.267875	0.255432
DDX19B	PLET1	0.269326	0.255745
SEC14L2	HEPACAM2	0.2702	0.256709
SORBS2	RGS3	0.270261	0.257445
COL12A1	COL5A2	0.271882	0.257546
CYGB	MLH1	0.27343	0.258721
TBL2	CWC27	0.276982	0.261317
PPL	DCAF10	0.277551	0.261825
SDSL	MIOS	0.278183	0.268775
ATP2B4	MAPK15	0.278224	0.270408
DES	RND2	0.278293	0.273403
DNASE2	LRRK1	0.279288	0.276535
AAK1	DDX59	0.280787	0.277398
UCHL1	RAD17	0.284343	0.277576
NIF3L1	NUP205	0.285121	0.28049
ZNF865	FOXC1	0.288461	0.280943
ATG7	CALCRL	0.289564	0.28163
DPYSL3	LIX1L	0.2923	0.284946
RNASE4	MVK	0.292979	0.28602
GALE	TUBGCP6	0.294144	0.289106
NXN	TBPL1	0.294273	0.294234
TES	UCK2	0.296042	0.294561
ALDH18A1	OCRL	0.299884	0.295127
FMOD	TIGD2	0.30119	0.296453
LMCD1	CABLES1	0.301219	0.29753
CASK	SLC35G1	0.302286	0.299567
FBLN1	TCTN1	0.302403	0.30202
ARG2	ZNF326	0.302876	0.302974
PSPC1	TRAF6	0.303135	0.304145
UBE2V2	AEN	0.306242	0.305328
LZIC	TP53BP1	0.309031	0.305783
FGD4	DAGLB	0.309613	0.305919
LSM6	MADD	0.309881	0.306372
CCDC93	TJP3	0.310937	0.310334
EXOC8	SNX11	0.312279	0.310756
PTGIS	IWS1	0.312285	0.312171
TGFBI	RFX1	0.313664	0.31382
C1QC	KRI1	0.317026	0.313959
ENOPH1	NEDD1	0.320141	0.314504
RAB8B	THNSL1	0.320243	0.316035
OLFML1	NOTCH1	0.322521	0.321962
HSPA12A	LCOR	0.321095	0.322741
SHPK	DRC4	0.327554	0.322741
RPA2	FBXO42	0.328266	0.324022
NUP210	LSG1	0.328797	0.324233
OSGEP	ZFAND1	0.332938	0.331199
GMPPB	CTTNBP2	0.334717	0.332203
ART4	UPF3B	0.335707	0.33311
POFUT1	SLC35C1	0.336045	0.333854
SERPINB9	TYROBP	0.337692	0.334629
THYN1	VWCE	0.339264	0.335199
PAOX	SNX33	0.33948	0.337064
APBB1	TAF5L	0.339509	0.337454
NCALD	IRGQ	0.341616	0.338075
AGK	MTFMT	0.342025	0.338121
MMAA	IL1R1	0.34203	0.33862
OGDHL	NUBPL	0.34223	0.33879
NPHP3	ASAP2	0.344569	0.339215
PRRC1	EXTL2	0.345129	0.339231
TUBB2B	ZNF618	0.34534	0.339313
PDIA5	LYAR	0.346066	0.340266
FSCN1	KIAA1217	0.346511	0.34157
AIMP2	CDK7	0.347019	0.342353
COL6A2	DCP2	0.347133	0.342518
CD93	ZNF629	0.348573	0.34352
LMNB2	XPO4	0.349468	0.344194
TCERG1	CTNS	0.350683	0.344386
PIP4K2A	ORC4	0.351786	0.345176
RNMT	BLZF1	0.352809	0.345516
PEX14	PGAP2	0.353289	0.345993
AOC1	EVL	0.354936	0.346536
NANS	FMNL2	0.356156	0.347075
RCN1	THEM6	0.357184	0.349838
ENDOD1	SOCS5	0.361818	0.350288
THOP1	PKP3	0.363599	0.350943
ALYREF	FASTKD1	0.364596	0.350999
SNTB2	DUSP23	0.36651	0.35328
FHL2	TMEM164	0.367676	0.354778
HSPB6	RIC1	0.368659	0.356864
FAM3C	LRCH3	0.368762	0.360046
PHYKPL	MALSU1	0.369237	0.360397
LCP1	MYO9A	0.369613	0.361783
HMGB2	BRPF1	0.37054	0.363584
ICAM1	PDGFRA	0.370551	0.364712
FBXO4	SIAE	0.37059	0.368414
MRC2	COMMD10	0.372356	0.368564
NUDT16	HPS4	0.373165	0.370405
CFI	CASP3	0.37629	0.371015
TBC1D5	ABHD6	0.376993	0.372031
RCC1	AAAS	0.37826	0.372043
APPL1	ABT1	0.378819	0.372743
RMDN1	ZMYM4	0.378911	0.373145
FDXR	PTGFR	0.379134	0.374421
SNRPA1	STX17	0.38128	0.378133
DPM1	ABTB2	0.382042	0.378251
IGFBP2	NOC4L	0.382347	0.37895
NAA15	PTPN21	0.386556	0.379467
ESYT1	ARAP3	0.38713	0.380496
DENND6A	ESCO1	0.387945	0.381114
NMNAT3	ERN1	0.388074	0.382235
FN1	ZBTB8OS	0.388192	0.383946
PM20D2	CPM	0.388622	0.384473
PSMD9	MCTS2	0.38957	0.384552
DYSF	MAP3K10	0.390614	0.384828
LPCAT1	MMD	0.390842	0.385146
MECP2	ZNF318	0.392538	0.38579
ARFIP1	SIPA1L3	0.394137	0.386453
IBA57	ZFYVE26	0.395329	0.386711
RGN	PPP1R13B	0.396334	0.39039
KYNU	OLFM4	0.398893	0.391272
UPP1	SPATS2	0.40004	0.391461
NAE1	SPRY1	0.400118	0.391809
HNRNPLL	SPTY2D1	0.400602	0.392516
PALM3	SMYD2	0.400788	0.39353
COX17	ALG14	0.400833	0.393622
NASP	FIZ1	0.400902	0.394037
SWAP70	SPSB3	0.401462	0.394299
NFKB1	ZNF395	0.402102	0.395972
PSPH	DKC1	0.402127	0.398279
AFAP1L2	SLC67A2	0.403122	0.399203
PROS1	BRI3BP	0.404365	0.399424
ACACA	LONRF1	0.40505	0.399506
NUDT5	ESF1	0.405536	0.399606
MRPL48	SMARCD1	0.405625	0.40004
ACSS3	TP53I13	0.405883	0.400309
PLXNA1	ZNF397	0.408806	0.400567
AKAP12	RCAN3	0.40898	0.403918
ANXA3	CCNT2	0.409131	0.405123
STAM	SIRT1	0.410775	0.4053
PPP1R7	CAMKK2	0.411276	0.406572
SPON1	MKLN1	0.411828	0.408904
UFL1	ADAM17	0.411976	0.410071
SIRT5	SLC25A32	0.414216	0.410348
COL14A1	HPS1	0.416459	0.410621
COQ7	RNF38	0.418184	0.41085
SFXN3	NUP85	0.418884	0.411584
C7	ACVRL1	0.42052	0.412866
PRKCA	CHST15	0.42167	0.413654
CYP20A1	OSER1	0.421785	0.414263
NUDT21	XRCC1	0.421849	0.415305
MAOB	STAT2	0.424701	0.417458
COL1A1	DNTTIP1	0.424726	0.417775
PPM1K	NFIA	0.424872	0.419179
UMPS	BAIAP2L2	0.425594	0.419216
GMDS	BBX	0.425967	0.421055
LGALS9	RARA	0.426127	0.421341
NHLRC2	CDKN2AIPNL	0.426945	0.421475
MCU	MTMR9	0.427398	0.421483
ANXA1	ATG4C	0.427594	0.423394
CHID1	RCN3	0.429111	0.423673
RAB3GAP2	LRRC28	0.429178	0.423858
MRPL1	NTPCR	0.429445	0.424198
RBP1	NUP62	0.429555	0.425245
CCDC51	IQSEC2	0.432883	0.426399
MYOF	STK32B	0.434968	0.426636
SRPRB	HERC1	0.434992	0.426921
DBN1	CD300LG	0.435251	0.427051
TPP2	PTPN12	0.435375	0.427534
ANXA13	VANGL1	0.435902	0.428089
XPNPEP2	SLC35B4	0.436163	0.428175
PFAS	ORC2	0.436524	0.429527
KCTD12	SDF2L1	0.436579	0.430547
VPS13A	SETD5	0.43731	0.430825
SPRYD4	HFE	0.438183	0.435229
AGPAT5	TFPI2	0.438561	0.438135
SLC25A22	AP1M2	0.438868	0.43815
GADD45GIP1	BRIX1	0.439065	0.438432
SSBP1	FAM53B	0.439733	0.438771
EHD2	AFAP1L1	0.441915	0.440095
FARSA	KMT2B	0.442166	0.441259
MMAB	FAM174A	0.442737	0.441564
PRPF31	TSEN54	0.443629	0.442366
LRP1	TTC17	0.443702	0.443432
HTRA2	NCDN	0.444265	0.444062
PEX11G	MMS19	0.444523	0.444302
RCC2	DOT1L	0.44549	0.445551
PPID	MECOM	0.444871	0.445654
CBR4	COL15A1	0.447491	0.447351
FN3KRP	MYCBP2	0.449258	0.448933
L3HYPDH	KMT2C	0.449527	0.449442
NUDT7	R3HCC1	0.449907	0.44951
EXOC5	MAFG	0.4505	0.450326
PREP	SENP5	0.450645	0.450666
NLRX1	DHX38	0.45131	0.451262
PPP1R8	DCUN1D2	0.452829	0.452452
ENAH	MOB1B	0.453731	0.453827
EMC1	ZDHHC13	0.454579	0.454215
CFD	NDUFB2	0.454699	0.45448
NAPG	UTP18	0.454722	0.454941
GMPR2	MAP4K5	0.456275	0.455246
ME3	VTI1A	0.456612	0.455349
COQ3	ORC3	0.456645	0.456685
TPM2	WDR43	0.457215	0.456703
STK39	CBY1	0.462508	0.457714
FDPS	ZC3H13	0.463712	0.458292
RCN2	UVRAG	0.464203	0.45856
STOM	CASP8	0.451945	0.458926
TMX3	HMGXB3	0.466165	0.459386
CTC1	FBXO31	0.46657	0.459816
AGL	MAST2	0.466583	0.460057
CARS2	TOR2A	0.467752	0.460799
AK1	RBM6	0.468088	0.460811
RPA3	CCNL1	0.469677	0.461078
PDLIM2	SDC1	0.470195	0.461533
UTRN	HDAC7	0.470494	0.461534
LRRC57	TCF12	0.471266	0.462264
SPECC1L	PXDN	0.471479	0.463267
NOP56	IMPA2	0.472904	0.463519
KANK2	ELK4	0.475649	0.464489
EXOSC7	JAK2	0.476075	0.465189
PLEKHA5	SFSWAP	0.476489	0.46527
CUL5	EIF4EBP1	0.477523	0.467046
ROCK2	THUMPD3	0.477599	0.467868
RBM14	SYPL2	0.478206	0.468085
SEC23IP	KLHL36	0.47827	0.468117
RPS6KA1	DCAKD	0.478362	0.468157
MAOA	RCL1	0.478813	0.469583
CENPV	TMUB1	0.479898	0.470495
SEC23A	EMP1	0.480536	0.470764
STAT1	PATL1	0.48054	0.470783
BCS1L	GTPBP2	0.481367	0.471355
FABP4	CEBPZOS	0.481419	0.471681
MRPS17	RPRD1B	0.481538	0.471826
DIABLO	TRIM27	0.482612	0.473826
ANKS1A	NAT9	0.482937	0.47516
SART3	PCF11	0.483122	0.475607
CYP39A1	SMNDC1	0.484262	0.476238
LSM7	PDSS1	0.484619	0.479807
NUCB2	KCTD9	0.485638	0.480036
PRELP	NAA10	0.486003	0.480092
PCK2	ZNF444	0.486281	0.480733
CAPG	PLCG2	0.486463	0.480843
FBXO6	ZFC3H1	0.487237	0.481301
UCHL3	LRRC8A	0.487388	0.482276
TIMM8A	CCDC32	0.487898	0.482871
KPNA3	ZRANB1	0.488468	0.483061
GMPS	CASR	0.489055	0.483482
NES	RLIM	0.489564	0.48354
THUMPD1	ATP9B	0.49069	0.483737
APEX1	BIN3	0.49101	0.48384
SPTBN2	TMEM102	0.491477	0.486923
RAP1GDS1	TXNDC11	0.491761	0.487127
RSU1	SLC5A9	0.492133	0.48855
PROM2	IBTK	0.492669	0.489014
CTPS2	HMGN5	0.492918	0.490207
BST1	SSH3	0.493029	0.490325
RAI14	COPZ2	0.493215	0.490459
KRT7	HTT	0.494079	0.490506
ELAVL1	GZF1	0.494258	0.491643
MTAP	MRRF	0.494954	0.492723
TMEM65	GFER	0.49496	0.493449
COL6A1	HOXB6	0.496116	0.494252
NUDT13	SPSB2	0.49616	0.49432
TMEM43	ATP13A2	0.496478	0.49486
VARS2	WIPI1	0.496581	0.494976
FUBP1	PPP6R2	0.499824	0.49606
ACACB	MCM3AP	0.501228	0.496164
PRPSAP2	TAF8	0.50156	0.496787
KIF13B	CUL7	0.501773	0.496858
ATIC	NGEF	0.502222	0.497119
HS1BP3	USP15	0.503504	0.497131
TMED5	RILPL1	0.5038	0.497185
SFXN5	TRIO	0.5055	0.497187
MTMR12	RNF216	0.505542	0.49742
PPP1R12A	RTKN	0.50609	0.497513
BTF3L4	SOCS7	0.507354	0.497986
CAV1	DIDO1	0.507539	0.498977
LYPLAL1	TRIM2	0.508554	0.499829
TBCD	GABPA	0.509681	0.5008
ARPC5L	AGFG2	0.509684	0.500943
DDAH2	ARRDC2	0.511252	0.501004
CD34	SUPV3L1	0.511691	0.50137
CBX5	SRD5A1	0.512429	0.501555
TK2	PPIP5K1	0.513847	0.503393
PTPN6	XPO6	0.514438	0.504224
FUBP3	ZDHHC1	0.515124	0.50477
PGAM5	FBXO25	0.517534	0.505724
PPP2R2A	LARP1B	0.517784	0.507619
SORBS1	LMAN2L	0.517985	0.50834
APOH	FAM210A	0.518612	0.508656
PNPT1	ALG5	0.519685	0.509569
CA3	OCLN	0.519772	0.509593
HPGD	ARHGAP21	0.520121	0.509772
EXOC4	ARNT2	0.520687	0.510419
NAAA	RING1	0.521017	0.510721
DHDH	SLC31A2	0.521283	0.511483
PGM3	DPAGT1	0.523079	0.512092
XDH	EXTL3	0.523108	0.512674
PPM1F	NFX1	0.523514	0.513158
RABGAP1	CDC42EP4	0.524167	0.513837
CIAPIN1	DEDD2	0.524252	0.514957
MAP4	FEM1B	0.52427	0.515153
MCAM	AJUBA	0.52465	0.515215
TMPO	GFM2	0.525292	0.515288
ALG2	RHBDF1	0.525423	0.515469
DENR	MON2	0.525619	0.515692
TNKS1BP1	JADE2	0.525753	0.51591
BCL2L13	MAP2K5	0.525989	0.515912
FAM98B	EEFSEC	0.525996	0.516149
LYRM4	VMA22	0.526212	0.516767
PTGR1	INPP5K	0.526239	0.516926
SNRPD1	GTPBP4	0.526359	0.517518
BCAT1	CDKN1B	0.526407	0.518114
FXN	SLC25A38	0.526704	0.518594
UBFD1	ITPR2	0.527307	0.519258
BIN1	TBC1D10B	0.527494	0.522547
AIMP1	TIMM21	0.527715	0.522876
TTLL12	LTN1	0.528098	0.523344
PLEC	PHLDA2	0.528455	0.523726
PIN1	UBE3A	0.529028	0.524877
CA5B	SUCO	0.529498	0.526052
ILF3	ZDHHC3	0.529827	0.527941
HSPG2	GCC2	0.530155	0.528197
DNAJA4	RAB3IL1	0.530446	0.5286
TFAM	SSBP4	0.530745	0.529042
EFHD2	FIG4	0.531237	0.530923
PRDX4	APPL2	0.533369	0.532611
ARHGAP17	SAV1	0.531815	0.532949
PHYHD1	SLC22A17	0.536326	0.533091
PHYHIPL	ITSN2	0.53733	0.533119
CISD2	INPP5A	0.537567	0.53561
COQ4	AMMECR1L	0.53936	0.535948
OXSM	BPGM	0.540351	0.536295
HTATIP2	FOXO1	0.540418	0.536359
ARMC10	CC2D1A	0.540683	0.536554
VPS37A	ANKMY2	0.541238	0.538304
HNRNPH3	KLHL2	0.54134	0.539448
TSN	TBC1D19	0.542173	0.539633
NME1	MRPS14	0.542352	0.540083
SUGT1	PSMF1	0.543163	0.54034
FMR1	LDLRAD3	0.544173	0.541267
PHLDB1	PLXND1	0.544271	0.541726
SMC3	SFR1	0.544294	0.542493
EML2	NDUFAF6	0.544341	0.543273
XPO7	FBXL3	0.544783	0.543658
VWA5A	ZBED3	0.545022	0.543961
ADSL	KLHL7	0.546765	0.544076
MOGS	PDZD11	0.547531	0.544602
RTCA	CDKN1C	0.54787	0.54495
SCIN	HES1	0.548764	0.545521
PLEKHF2	UNC45A	0.548912	0.545834
SRC	TOR1B	0.549527	0.546681
GALK2	GNL2	0.549528	0.546703
PACSIN3	PIGX	0.549663	0.54675
SCAMP1	RAP1GAP2	0.549734	0.547869
CCDC90B	SLC36A1	0.551559	0.548798
COL4A5	TRIM47	0.551594	0.549072
PPP3CB	TRAPPC13	0.553214	0.549079
CNN2	NUP153	0.554195	0.549216
USP14	SS18	0.5542	0.550177
CORO1C	HERPUD2	0.554533	0.550268
BLVRB	NICN1	0.554554	0.550385
SCFD1	SNX25	0.554727	0.553122
SLC4A1	KLF6	0.555647	0.553639
GPD2	PCTP	0.556818	0.553978
NAGK	ID1	0.55697	0.55404
FAM136A	VIPAS39	0.55726	0.554719
SEC24B	ZMYND10	0.557679	0.554906
DHRS7	JADE1	0.558966	0.555031
ARHGDIB	PSKH1	0.559003	0.555391
LRRC47	TMEM184A	0.559055	0.556131
PDCL3	PPP2R1B	0.559649	0.55683
SYNPO	WDR48	0.56142	0.557129
ACBD3	ASB8	0.561957	0.557517
RHOG	SSBP3	0.562711	0.557606
SLCO4C1	DDX18	0.563939	0.558457
RUVBL1	ALKBH7	0.564161	0.558869
OGN	UCKL1	0.564817	0.558912
PLS1	UTP3	0.565009	0.559542
DPP3	MAN2A2	0.5653	0.559618
SH3GL1	SUCNR1	0.565877	0.560751
GAPVD1	TIAL1	0.566032	0.560938
HINT3	CUL2	0.56618	0.561423
UGGT1	ANGPTL4	0.566507	0.561691
RPS6KA3	TNIP1	0.566525	0.561794
EMILIN1	CAMSAP3	0.566646	0.561895
COQ6	SLC5A1	0.567021	0.562296
PKN2	ARHGEF2	0.567042	0.563361
AP3M1	MIB1	0.567665	0.564203
PGM2	PSMD10	0.5678	0.56461
ATP2B1	SLC2A1	0.568217	0.564998
GFPT1	PTPN9	0.569019	0.565634
AGT	PEX7	0.56909	0.566252
KTN1	DYM	0.570827	0.567767
NUTF2	ARHGEF1	0.571125	0.567806
DNAJC11	ELMOD3	0.571219	0.567925
THEM4	SLTM	0.571445	0.567957
HSCB	TANC1	0.571691	0.568009
TIMM9	AAGAB	0.572227	0.568029
RMND1	PRPF40A	0.572601	0.568109
TPD52L2	DVL3	0.572638	0.568246
CRYM	SLC41A1	0.572942	0.568961
ALDH1A1	SMARCE1	0.573119	0.569395
SORBS3	KDM1A	0.57387	0.570112
PALLD	RNF166	0.573958	0.570278
TJP2	TOP3B	0.573977	0.570435
SNRPA	MAPK8IP1	0.57456	0.571051
ACSL3	LSM3	0.575073	0.571077
SLC44A2	ELL2	0.575788	0.571285
CRIP1	CNOT6	0.57589	0.571584
LRRFIP1	VGLL4	0.575902	0.573111
XPO1	FRMD4B	0.575931	0.573342
RAB3GAP1	SLC51A	0.577095	0.573466
RBM8A	UBA5	0.577493	0.573651
COPG2	RNASEH2C	0.577794	0.574488
RHBG	ANKRD11	0.578049	0.574794
ACTN1	ANAPC7	0.578257	0.574936
CMAS	RANBP3	0.578766	0.575478
ARRB1	FSTL1	0.579521	0.576259
ACSF2	RCHY1	0.580227	0.576876
EHD3	WDR55	0.580639	0.577688
FAF2	RPF1	0.580695	0.57784
SF3A3	PIGO	0.581725	0.578058
UCHL5	DYRK2	0.583849	0.578891
PDCD10	PCM1	0.583866	0.579319
CTSC	JUNB	0.584736	0.579811
FUOM	TMEM178A	0.58495	0.579988
DCTN4	HIF1AN	0.58521	0.580441
DDO	NUP214	0.585592	0.581164
ISCA2	ATL2	0.586425	0.581379
PTPN23	GIGYF1	0.586634	0.581568
TMOD3	GLIS3	0.587439	0.581838
PDGFRB	LETMD1	0.587897	0.582259
GART	PIK3R1	0.588565	0.582735
OPTN	CRBN	0.589026	0.582995
ATPAF1	XPR1	0.589036	0.584103
RBM25	ZFYVE1	0.589362	0.585849
HMGB3	SEMA4A	0.590107	0.58634
EIF2S1	SLC35F2	0.590194	0.586731
ERAP1	COL1A2	0.590333	0.58699
PRMT1	EXOSC10	0.590523	0.587688
EFTUD2	ARRDC1	0.59128	0.587784
PPP3CA	ATXN1L	0.591292	0.588162
GNAQ	EML3	0.592131	0.588462
LTA4H	DOCK1	0.59215	0.589053
CSK	BOP1	0.592999	0.589073
NSF	ELOVL7	0.593196	0.589081
MACF1	ATP6V0E1	0.594122	0.589265
SYNCRIP	TRAPPC9	0.594561	0.58952
FBL	CDR2	0.594615	0.589886
PTK2	RSRC2	0.594862	0.590896
EEA1	RASSF7	0.595343	0.590953
PAFAH1B2	SMARCD2	0.59629	0.59152
TNPO3	SLU7	0.5966	0.592879
SF3B3	SLC20A1	0.597371	0.593181
ITGA3	MFHAS1	0.597478	0.593253
LAMC1	GHDC	0.598096	0.593274
GNL1	ELP3	0.599005	0.593896
TIMM10	GYS1	0.599212	0.594065
HMBS	RAB28	0.600331	0.594604
PDCD5	KCTD17	0.602045	0.597368
EMD	ZBTB4	0.602211	0.597797
SH3BGRL	SUDS3	0.602583	0.598574
SEH1L	SBF2	0.602587	0.598814
D2HGDH	DUSP22	0.602661	0.598987
SLC12A2	NUDT2	0.602761	0.600115
PGP	ATRNL1	0.603009	0.600481
GOSR1	CETN3	0.603014	0.600543
KRT18	NDUFAF1	0.603849	0.600548
VPS4B	SLC22A23	0.604767	0.601631
LEMD2	DDIT4	0.605126	0.603406
LIMS1	TIE1	0.605333	0.603418
NT5C3A	VILL	0.605439	0.603461
WDFY1	PTCD2	0.605847	0.603532
PSMD5	NKIRAS2	0.605967	0.604282
PDLIM5	PARP3	0.607441	0.604897
EXOC3	SLC25A48	0.60934	0.605188
PPME1	ANAPC16	0.609461	0.605469
VCL	NPHP1	0.609607	0.60582
APIP	MKKS	0.610328	0.606627
TSFM	HDAC11	0.610378	0.606909
IMPA1	DHX16	0.610899	0.607208
ERH	MAP2K7	0.611051	0.609778
SNX12	GNL3L	0.611141	0.611414
PLEKHA7	VLDLR	0.612131	0.611602
BSND	FAM13A	0.612839	0.611608
RNPEP	SNAP47	0.613341	0.611626
ECHDC1	NT5DC2	0.613362	0.611654
BDH1	PIGK	0.614017	0.611867
CRKL	VKORC1	0.614028	0.612488
MRPS34	SRXN1	0.615301	0.612553
TXNRD2	TRAF7	0.615928	0.613323
FKBP3	FKBP15	0.616552	0.613887
ACTR10	SGMS2	0.616892	0.614191
COQ5	KIAA0232	0.616984	0.614764
TIMMDC1	INSIG2	0.617054	0.615682
SCARB2	FIBP	0.61741	0.616223
SF3A1	DEGS2	0.617673	0.61639
ITGA1	NPRL2	0.617805	0.616887
HSPH1	CFLAR	0.619518	0.617629
HDHD2	FBXO8	0.619656	0.617638
SCRIB	ARHGEF11	0.620294	0.617892
ANKFY1	SPNS2	0.623556	0.618949
RHOT1	AXIN1	0.62452	0.619261
MSI2	NOC2L	0.624787	0.619846
STAT5B	DMXL1	0.625249	0.620138
SRSF1	VPS8	0.626569	0.620437
CLPB	MYO1E	0.627027	0.620767
ZYX	SLC5A11	0.627242	0.620847
ILF2	SEPHS1	0.627768	0.621526
RDH14	LRRC41	0.62831	0.621698
PLAA	LARP4	0.628387	0.622365
STRN3	MICU1	0.628511	0.62271
RABGGTA	INTS3	0.628548	0.622897
GNMT	PIK3C2A	0.628711	0.62315
MTDH	EVI5	0.629066	0.623155
RRAS2	FAM81A	0.630097	0.623609
CYFIP1	CLCN3	0.630494	0.624131
OLA1	EXT2	0.631446	0.624184
EPHX1	PAF1	0.631876	0.625301
TMX1	TMEM242	0.632788	0.627316
TPRKB	MPV17	0.63298	0.627354
GLOD4	ATG4D	0.633011	0.627651
CALD1	CFAP36	0.633321	0.627978
TOM1	CLCN5	0.633676	0.628492
ITGA6	MRPS16	0.633777	0.628948
UBA3	GIGYF2	0.63386	0.629018
CAPN1	COG7	0.634055	0.629717
NID1	ELP5	0.634351	0.629776
GOLGB1	RNF4	0.635703	0.630285
SLC5A8	CCDC91	0.635718	0.63072
ENPP3	RMND5B	0.635789	0.630786
CTNND1	MRS2	0.63615	0.631514
MAPRE2	SORT1	0.636491	0.631793
PPP6C	MRPL51	0.636898	0.631979
MAP2K4	CYTH1	0.637921	0.632044
PYGB	MTMR14	0.638378	0.632496
CNPY3	MDM2	0.638663	0.632759
MYH10	SLC25A25	0.638885	0.633262
EXOC7	HNF1A	0.639078	0.633792
SMS	POP5	0.639134	0.634921
BUB3	XPC	0.639428	0.635083
CAND1	GBF1	0.639538	0.635304
EHD4	ZDHHC7	0.639563	0.635476
BLVRA	YIPF5	0.640077	0.635512
PRMT5	XPA	0.640465	0.636336
DDX46	AKIRIN1	0.640569	0.636659
TRA2B	PPP1R21	0.641188	0.63689
ZKSCAN1	NAB1	0.64143	0.636955
MAPRE1	CDC16	0.641682	0.637071
XRCC5	SLC25A36	0.641945	0.637148
CCAR2	SLC35A3	0.641997	0.637828
ASPH	PPTC7	0.642076	0.638213
PABPN1	DNAJB2	0.642982	0.638635
SAE1	SH3D19	0.643705	0.638671
MRPL45	REEP3	0.643769	0.639188
TJP1	GSTM3	0.644147	0.640309
PCNA	TRABD	0.64432	0.640511
ANP32E	SALL1	0.644393	0.641236
METAP1	GALC	0.644494	0.641468
BDH2	SUOX	0.645281	0.642062
SLC25A12	PPP1R10	0.645588	0.642831
PURB	MYO10	0.646162	0.643525
PCMT1	A1CF	0.646369	0.643647
GMPPA	RARS2	0.646945	0.643747
CBX3	COQ2	0.647808	0.644066
VAMP3	YTHDF1	0.648156	0.644717
DCN	SPTSSA	0.648581	0.645333
GBE1	RARRES2	0.648899	0.645788
PPIF	SLC12A6	0.650035	0.645813
RALA	CA14	0.650492	0.645889
EIF2A	SLC25A28	0.650537	0.645889
NT5C2	UBE3C	0.650747	0.646024
DERA	IRF2BPL	0.651327	0.646931
S100A13	DEPTOR	0.651779	0.6472
HNRNPD	POLR2I	0.651968	0.647306
VASP	PPP1R9B	0.652135	0.649161
TUBB	PEX2	0.652629	0.649334
PRKAG1	TMED3	0.652718	0.649518
KHSRP	MOGAT1	0.653046	0.65015
PDHX	PTBP3	0.653425	0.65128
SH3GLB2	CCDC117	0.653489	0.65128
NADK2	WDR13	0.653795	0.651729
SEC22B	GATB	0.654229	0.652533
SYNE2	LSM14B	0.65425	0.65297
MAN2C1	AFF1	0.654561	0.652997
RALB	RAPGEF1	0.654758	0.653412
CAST	PCDH1	0.655051	0.653587
MCAT	CD99L2	0.6558	0.653728
TSTD1	SLC27A1	0.655888	0.65405
ESYT2	KCMF1	0.656037	0.654694
OSTF1	RNF6	0.656551	0.654854
VPS36	FBXO11	0.657031	0.654918
CSE1L	DENND5A	0.657321	0.655032
VBP1	GORASP1	0.657731	0.655051
FKBP5	LUC7L3	0.657899	0.655212
SUN2	ZNF768	0.659321	0.655223
TOMM40	SMAD4	0.659508	0.655299
RBMX	FPGS	0.659771	0.655697
APOC3	ZNF598	0.659874	0.656001
COPS4	GIPC1	0.661184	0.656096
MYO1D	POU3F3	0.66213	0.656329
OXSR1	TIMP2	0.662353	0.656409
UBE2N	FMO2	0.662971	0.656534
ABCB7	POLR2C	0.663202	0.656594
CSNK2A1	SLAIN2	0.663392	0.656756
PPM1A	TACC2	0.663515	0.656899
PMM2	WDR45	0.663598	0.657238
ARFGAP3	LAMA5	0.664111	0.65772
CRIP2	CDS2	0.664688	0.65775
MYH14	FASTK	0.665305	0.65807
GNA13	DYNLL1	0.665536	0.658915
HIBCH	KIAA1614	0.665568	0.658959
NECAP1	EFCAB14	0.665764	0.659443
LRBA	OTUD5	0.665916	0.660103
STAT3	OSGIN1	0.66603	0.660518
DHTKD1	DUSP6	0.666097	0.661161
GGH	KEAP1	0.666181	0.661194
PGLS	IFT52	0.666228	0.661454
FBXO22	SPG21	0.666339	0.66152
COX7A1	METRNL	0.666668	0.661547
UFM1	LIMS2	0.666722	0.662061
ANO10	TMEM50B	0.666971	0.662544
FAM114A2	PPFIBP1	0.667116	0.662638
PTGES2	KLHL21	0.667343	0.662825
VIM	PKN1	0.667659	0.663806
DRG1	SNX7	0.667699	0.664117
PFDN2	AZI2	0.669189	0.664402
SPP2	MAL2	0.66939	0.664555
UBAP2L	CRELD2	0.669407	0.664878
DLG1	RANGAP1	0.669729	0.665025
TARDBP	HMG20B	0.670573	0.665119
RAVER1	DOCK8	0.670687	0.666213
TLN2	SNAPC5	0.671122	0.666274
CFL2	SMIM14	0.671426	0.667107
SRSF7	PREPL	0.671788	0.668325
FARP1	PARD6B	0.67201	0.668361
LAMB2	CREB3	0.672016	0.668906
UBR4	WDFY3	0.672506	0.669252
LMF2	G3BP2	0.672978	0.66941
NFU1	ZFAND6	0.673858	0.669762
ATL3	YPEL5	0.674195	0.669845
FLAD1	SYVN1	0.674943	0.670053
NUCKS1	STRADB	0.674985	0.670538
PHF5A	RELA	0.675277	0.671591
RPA1	GATAD1	0.676738	0.672547
AP2A1	SMIM12	0.676906	0.673235
BAIAP2	TMEM150A	0.677042	0.673327
DYNC1LI2	PXK	0.677051	0.674036
UBA2	YIPF4	0.67725	0.674765
DYNC1LI1	SH2B1	0.677279	0.675748
IQGAP2	CCND3	0.678499	0.675934
FAAH	LTBP4	0.678658	0.675952
RANBP1	HECTD3	0.678867	0.67601
UBE2I	PPM1H	0.679188	0.676021
EIF4E	USP12	0.679754	0.676603
GMFB	SLC39A8	0.680302	0.676693
MVP	VPS54	0.68033	0.676764
AIP	SIRT3	0.680372	0.677057
CLCC1	INPP5B	0.680422	0.67757
CPNE3	SLC30A1	0.680547	0.677892
SMC1A	MXI1	0.68089	0.677903
GGACT	SDF2	0.68154	0.678193
LIN7C	RERE	0.681754	0.678514
EFEMP1	FAM20C	0.682129	0.678568
MLYCD	GPC4	0.682208	0.67926
FLOT1	RUFY3	0.683303	0.679654
FARSB	RBM3	0.683323	0.67971
ARL3	PNKD	0.683507	0.680513
TSPAN8	MTMR3	0.683719	0.680803
CD2AP	BSDC1	0.684497	0.680925
KHDRBS1	CREB3L2	0.684552	0.681162
LMO7	ASCC1	0.685821	0.682205
PRPF19	SOD3	0.685822	0.682988
COPS3	SAFB2	0.686639	0.683042
DPYS	CX3CL1	0.686721	0.683045
UGDH	WDR5	0.687301	0.683663
TIMM44	ABCB8	0.687355	0.683733
UBE2L3	CACUL1	0.687568	0.683864
ATP1B3	PES1	0.687578	0.684659
CARHSP1	ZNFX1	0.687696	0.685404
SLK	EXOC6	0.68787	0.686193
PDPR	TTC7B	0.687903	0.686279
MYBBP1A	ELOVL5	0.687947	0.68737
NCEH1	SLC46A1	0.68822	0.688018
SH3GLB1	TRAPPC1	0.688815	0.688179
EIF5B	PFDN6	0.68882	0.68839
LGALS3	FGGY	0.688889	0.688626
NQO2	ZNRF2	0.689345	0.689258
PARP1	KDR	0.689832	0.689523
NDRG3	SYMPK	0.690108	0.689988
NPL	PNO1	0.690464	0.690432
ARFGEF2	SAMD9L	0.690286	0.690524
WASF2	STAG2	0.691319	0.69082
HNRNPH2	CIDEB	0.691537	0.690838
DDX42	TCAIM	0.692066	0.691068
PPM1G	SMARCA4	0.692228	0.691267
HPCAL1	UBE2A	0.693186	0.691302
SCLY	RSL1D1	0.693694	0.691386
PLIN3	PRKAA2	0.694339	0.691472
DPY30	APBA3	0.694702	0.691496
MRPL44	MBNL2	0.695244	0.691574
PAK2	CTDSPL	0.696022	0.69167
COX15	TAF10	0.696026	0.691763
NUMB	MRPS24	0.696724	0.692145
ECHDC3	CSNK1G3	0.696776	0.692211
HACL1	ARHGAP18	0.697283	0.693766
PEA15	TM2D2	0.699017	0.694079
TCEA1	NPDC1	0.69913	0.694131
MTX1	NELFCD	0.699173	0.694376
AP1M1	MRPS33	0.699187	0.694644
DNPEP	CEP170B	0.699274	0.694645
NAGLU	TMEM214	0.699835	0.694943
APOB	LSM14A	0.70035	0.695296
DYNLT3	SLC35H1	0.700706	0.695365
RAB11B	ARF6	0.700972	0.695991
PPP1R14B	FOXO3	0.701176	0.696299
HNMT	IRF6	0.70124	0.696408
SPNS1	RNF185	0.701299	0.697148
EPS15	INSR	0.701566	0.697246
TM9SF4	INSIG1	0.70239	0.697435
FLNA	SMG7	0.702814	0.697449
IAH1	MGAT3	0.703099	0.697612
FCHO2	SIPA1L1	0.703281	0.697797
SNRPE	USP10	0.70362	0.697942
TPR	GATAD2A	0.70408	0.698139
PHKB	RNF149	0.704749	0.698942
ATP6V0A1	NCOA7	0.704785	0.699063
ATXN2L	SLC19A1	0.704903	0.699574
PDAP1	RFNG	0.705005	0.700792
FOXRED1	ZNF207	0.705251	0.701289
IQGAP1	RGCC	0.705318	0.701654
HM13	CASKIN2	0.705533	0.701686
COPS5	MRPL22	0.705863	0.702738
MYLK	SEC14L1	0.705869	0.703045
IMPDH2	SLC34A3	0.706297	0.703101
GLRX	CHMP6	0.706413	0.703444
ERP29	PAX8	0.706432	0.704017
GUSB	ANKRD13A	0.708681	0.704276
PRODH2	PNPLA6	0.708819	0.704963
SGPL1	RAB4A	0.70895	0.704973
MTX2	DPP8	0.70909	0.705904
PDCD4	CUEDC2	0.709638	0.706048
SND1	PPP2R5C	0.709746	0.706248
CDK5RAP3	MIF4GD	0.709814	0.707388
STX12	SNAP29	0.709957	0.707489
DAZAP1	RBCK1	0.710206	0.707956
SSR1	SEL1L3	0.710835	0.708253
PTGR2	ABHD12	0.71106	0.709189
SAFB	TBRG1	0.71152	0.709669
THBS1	AFF4	0.711522	0.709977
ARPC4	PRRC2B	0.711957	0.710025
HNRNPU	IFT20	0.712712	0.711405
GPR108	ZDHHC6	0.713497	0.711818
STK24	MRPL34	0.713559	0.711964
ABCE1	ARHGAP29	0.713819	0.712218
RAB5A	SEMA3B	0.714043	0.712344
PRPS2	TRAK1	0.714201	0.712392
HDAC2	TLK1	0.714298	0.71247
GPT	TMEM63B	0.71469	0.713712
ABI1	CRLS1	0.71567	0.713823
PFKL	UAP1	0.715829	0.713929
TMEM109	TMEM205	0.715949	0.713964
CAPZA1	ACBD4	0.716453	0.71401
DAP3	SLC35B1	0.716916	0.714079
RBPMS	SCAP	0.717301	0.71487
NDUFB7	ACP5	0.71754	0.71501
ABLIM1	ZFR	0.718067	0.715648
TBC1D10A	NR2F2	0.718218	0.715853
LMNA	LPIN2	0.718467	0.716241
DNAJC8	SKI	0.718483	0.716437
SRI	LACTB	0.718962	0.716613
ABRACL	TSPAN9	0.719758	0.716631
RBBP9	RBL2	0.7198	0.717188
PSME2	ERLEC1	0.720208	0.717706
ATAD1	PECR	0.721432	0.717852
SAP18	BECN1	0.721961	0.718009
TXNDC12	YAP1	0.722079	0.7181
AP3B1	STK11	0.722145	0.718255
EIF2S2	TMEM70	0.722148	0.718351
FUNDC2	TSPYL1	0.722606	0.718857
SNRPD3	PEX6	0.722778	0.71909
PRKACA	TBRG4	0.722785	0.719199
PM20D1	MIPEP	0.723071	0.719963
ARHGEF16	ARHGAP5	0.723777	0.720061
IDE	FBXO9	0.724074	0.721437
ABHD11	SLC17A5	0.724315	0.721701
ANK3	MXD4	0.724408	0.721747
FNTA	UBE4A	0.724525	0.721768
FBP2	POLR3E	0.725749	0.72185
APRT	BUD31	0.726227	0.721871
REXO2	LRP6	0.726242	0.721899
DRG2	RAB9A	0.726663	0.722257
TAF15	MRPS18B	0.727346	0.72286
GPD1L	CDC42BPG	0.727686	0.723386
PRPSAP1	PLEKHM2	0.727771	0.723394
PRKAR2A	TOP1	0.727916	0.723704
LGALS1	PJA1	0.728111	0.723728
TOR1AIP1	TAB2	0.728193	0.72374
MAPK14	NET1	0.728472	0.724149
NAPRT	SLC4A9	0.72863	0.724363
SF3B6	SLC35A4	0.72871	0.724619
P4HA1	SLC26A4	0.729371	0.724704
HACL2	NHP2	0.729478	0.72501
PPCS	PIM3	0.729729	0.725235
ENDOG	NEK9	0.729931	0.725914
ACIN1	MRPL24	0.730461	0.725919
UPF1	BOLA3	0.730502	0.726055
ALDH16A1	ANAPC5	0.730692	0.726186
SUB1	CHPT1	0.731147	0.726857
SNX6	PTPRA	0.731221	0.726883
SRRT	GLB1L	0.73139	0.727376
MAP2K1	CYP4B1	0.7315	0.727883
SZRD1	DCAF7	0.731583	0.727931
ANO6	LIMD1	0.731722	0.728871
ZMPSTE24	THOC7	0.73175	0.728901
HSPB1	DHX40	0.732152	0.729067
SNX27	ATP13A3	0.732789	0.729151
RHEB	STARD8	0.73311	0.729461
CACYBP	TM2D1	0.734136	0.72952
PGRMC2	LZTS3	0.734254	0.729738
LYPLA2	SMTN	0.735022	0.729872
OPA1	PRPF6	0.735365	0.72999
ASPSCR1	PLEKHA6	0.735788	0.730159
ME1	CROT	0.736327	0.730255
SNF8	DDX41	0.736432	0.7304
RRAS	LPL	0.736935	0.730572
PECAM1	TMEM33	0.737138	0.730818
CETN2	ADCY6	0.737223	0.731778
CNDP1	UBAC2	0.737359	0.731802
TTR	TOB1	0.737436	0.731927
MAT2B	SRA1	0.73798	0.732777
MGAM	EMCN	0.738474	0.732779
FASN	JUN	0.738822	0.732831
RAP1A	MRPL37	0.738845	0.733212
CIRBP	TRPM7	0.73969	0.733371
TFG	UBP1	0.73988	0.734228
BTD	CRB3	0.740491	0.734264
NPEPPS	METAP2	0.74062	0.734426
SIDT2	MVB12A	0.740676	0.73462
PABPC4	RAB43	0.741147	0.73527
GMPR	KLHDC3	0.741666	0.735334
PAWR	TMEM116	0.741959	0.736588
SNRPD2	SEC61B	0.742348	0.736934
HK1	PTOV1	0.742451	0.737162
SPCS2	MTFR1	0.742603	0.737227
PTPN11	ARL8A	0.744108	0.737274
HSD17B11	GPBP1	0.744315	0.737813
AGRN	SLC25A15	0.74445	0.737832
SHMT1	MLXIPL	0.744607	0.738061
ISOC1	MRPL49	0.74506	0.738107
SEC11A	MFN1	0.745197	0.738132
PGD	SORL1	0.745865	0.738319
PCNP	MPND	0.745999	0.738376
PITRM1	UBXN6	0.746424	0.738468
HYOU1	MTFR1L	0.746844	0.738603
VPS26A	BTBD1	0.747219	0.738994
USP47	SLC30A5	0.748225	0.739427
LYPLA1	IL13RA1	0.750532	0.739639
TSG101	PLXDC2	0.750717	0.739716
ACSL4	SPAG7	0.751376	0.739791
NCLN	TSPAN31	0.751651	0.739846
DYNC1I2	NPHS2	0.751753	0.739885
ACOT9	SMU1	0.752071	0.739993
TRAPPC3	NELFB	0.752538	0.74023
SRP72	RAB24	0.753331	0.740325
TM9SF1	MAPKAP1	0.753746	0.740401
THRAP3	EID1	0.754227	0.740427
TMED7	LGALS8	0.754419	0.740706
USP4	RAP1GAP	0.754741	0.741166
ATG3	NRBP1	0.755178	0.741256
AEBP1	FBXO21	0.755481	0.741292
CUTA	CCNL2	0.755485	0.741322
UROD	ITCH	0.755788	0.741595
COPG1	RFK	0.756808	0.741995
CDHR2	SSU72	0.756851	0.742196
PNPO	LSM4	0.756875	0.742363
NUDT9	TMEM256	0.757125	0.742381
CDC42BPB	MFSD1	0.758133	0.742494
PSME1	MRPL4	0.758568	0.742543
NMT1	MTSS1	0.758665	0.742685
SLC25A20	EMC2	0.758773	0.742874
COMMD9	CHUK	0.759005	0.743283
HUWE1	EIF2B5	0.759024	0.743659
ANXA4	CALCOCO1	0.759125	0.743707
SCAMP3	LDB1	0.75948	0.743778
BCKDK	RAPGEF3	0.759913	0.743867
AFMID	CDS1	0.760596	0.744071
MATR3	HMOX2	0.760654	0.744157
EIF3D	TNKS2	0.761004	0.744235
DPP4	HAX1	0.761004	0.74432
IST1	CLTB	0.76124	0.744354
GRB2	SMPD1	0.761538	0.744714
GNA11	LARP4B	0.761556	0.744776
PLS3	SRSF9	0.761644	0.745351
STT3A	B4GALT1	0.761997	0.745385
HP1BP3	CCSER2	0.762257	0.745718
HNRNPDL	MRPL9	0.762353	0.745727
PITPNB	YTHDF3	0.762892	0.745955
PFN2	NACC1	0.763116	0.746125
TOMM70	SNRK	0.763426	0.746175
PITPNA	RNF181	0.763898	0.746191
CFDP1	NFYC	0.764043	0.746466
DPYD	TNS3	0.764316	0.746505
GOSR2	MRPL16	0.764374	0.746825
API5	CUL4A	0.764688	0.746829
PSMD14	CLK1	0.764706	0.747169
APOO	NEK7	0.76489	0.747261
VPS29	YKT6	0.765345	0.747394
SDR39U1	SLC25A34	0.765354	0.747474
PFKM	CDC123	0.765668	0.747624
SUPT5H	HIF1A	0.766664	0.747635
FLII	SLC15A2	0.766673	0.747939
ITGAV	ARHGEF28	0.766758	0.748336
ANXA2	NXF1	0.766875	0.748419
BPNT1	DUS1L	0.767227	0.748615
ENSA	COG4	0.767239	0.748671
SSB	TOB2	0.767938	0.748744
PPP2R5A	SEMA3G	0.768171	0.748747
COPS7A	AKT2	0.768674	0.7489
G3BP1	TINAGL1	0.768812	0.749354
PLBD2	LENG8	0.768987	0.749596
FLOT2	RNF115	0.769368	0.749903
USP9X	PJA2	0.769867	0.750211
KIF5B	PNRC1	0.770178	0.750223
ADAM10	UBXN2A	0.770905	0.751163
RANBP2	PDK4	0.771009	0.751416
STOML2	CIAO1	0.771191	0.751748
DMTN	EMC4	0.771343	0.752202
DPP7	UBR5	0.771399	0.752229
DEK	MAN2A1	0.771507	0.752265
OSBPL1A	AFTPH	0.771806	0.752617
BLMH	AGPAT1	0.771937	0.752836
GLRX5	FXR2	0.772042	0.753139
LIMA1	GGNBP2	0.772145	0.753155
CLIC5	HBP1	0.772461	0.75319
COMMD3	SLC9A8	0.772736	0.753247
ARL6IP5	CLRN3	0.772993	0.753281
TWF1	DIO1	0.77326	0.753594
GPT2	SCNN1G	0.773505	0.753818
SSR4	VPS41	0.773817	0.753901
DECR2	MRPL52	0.773944	0.753964
IPO5	UBE2Z	0.773993	0.754658
EIF4A3	SCNN1B	0.774002	0.754744
GNPDA1	NEU1	0.774007	0.754889
TBCA	CUX1	0.774046	0.754964
SEC23B	ZDHHC9	0.774809	0.755171
ALDH5A1	AKT1S1	0.774881	0.755652
GSTA4	MRPL27	0.775588	0.755693
MAVS	ROGDI	0.776079	0.756153
ZC3H15	SRSF11	0.776238	0.756879
PSMC2	DNAJB6	0.776328	0.756883
TXNL1	LMBRD1	0.777014	0.757072
GALK1	WAC	0.777379	0.757787
MRPL38	ANKRD40	0.77744	0.757806
DDX6	CCDC6	0.778023	0.75806
ABHD5	RNF130	0.778155	0.7584
CLYBL	IFRD2	0.778686	0.758986
NSFL1C	UBR3	0.778882	0.759168
AP2B1	AKTIP	0.778945	0.75953
VAT1	ATN1	0.778976	0.760078
MACROD1	RHOQ	0.779583	0.760151
PSMA5	RNF44	0.780138	0.76048
ARHGAP1	CYB561	0.780207	0.760737
VPS4A	FAM168B	0.780538	0.761025
NDUFB5	RALBP1	0.781108	0.761212
WBP1L	SIGIRR	0.781527	0.761687
CSAD	NDEL1	0.781616	0.762125
PPP1R1A	SREBF2	0.781763	0.762375
ERGIC1	CRTAP	0.781824	0.762603
COTL1	TRIM8	0.781973	0.763082
GPHN	DRAM2	0.78221	0.763195
GORASP2	CYS1	0.782288	0.763476
IARS2	AMOTL2	0.782477	0.763842
MAPT	MRPL10	0.783149	0.763998
CCDC47	ZFYVE21	0.783243	0.764089
NUMA1	TIMM17A	0.783535	0.764135
FUS	PAQR5	0.783728	0.764481
NPLOC4	ABHD17C	0.783742	0.76458
USP24	PPP3R1	0.784496	0.764966
FBLN5	IGF1R	0.784827	0.765012
PSMD11	TYSND1	0.784878	0.765459
HEBP1	ETNK1	0.785042	0.765727
L2HGDH	POLR2F	0.785284	0.76578
U2AF1	FZD1	0.785427	0.766133
PARVA	UBTF	0.785573	0.766437
PAFAH1B1	KLHDC10	0.785639	0.766654
AUH	TP53INP2	0.785834	0.766712
ANXA6	TRAF4	0.7864	0.766892
SERPING1	KLF9	0.787514	0.7678
PPP1CB	EGLN2	0.787714	0.767859
RAB11FIP5	YWHAH	0.787779	0.768072
RMDN3	NAA50	0.787794	0.768391
TPM1	OXA1L	0.7881	0.768463
NAMPT	GPAA1	0.788778	0.768901
OSBPL8	PTDSS2	0.788909	0.769022
ACP1	LLGL2	0.788972	0.769247
OSBP	MAGT1	0.789216	0.76929
SRP68	MAN1A1	0.789659	0.769708
DHX15	SCYL1	0.790165	0.770196
ACSF3	PPP1R16B	0.790614	0.771143
RDH16	BSCL2	0.790701	0.771192
BANF1	SGPP1	0.79079	0.771483
ARL8B	ASB13	0.791195	0.771623
PPA1	PLD3	0.791537	0.771692
PCOLCE	LARS2	0.791656	0.771745
CPPED1	DVL1	0.791764	0.772447
DDX39B	TAGLN	0.792626	0.772634
YWHAG	NF2	0.793296	0.773358
ACAD8	DHRS3	0.793538	0.773949
SMARCC2	EHMT2	0.793568	0.774243
AP2S1	NDST1	0.793684	0.774249
RBBP4	CPEB4	0.793824	0.774362
SAR1A	SLC35F5	0.793842	0.774439
CPN1	MINK1	0.793898	0.77447
XPNPEP1	ANAPC13	0.793993	0.774492
PALM	APH1A	0.794632	0.774825
CPOX	RRAGA	0.794823	0.77484
EIF6	NUS1	0.794842	0.77502
MECR	CLDN8	0.794845	0.775123
NPEPL1	PLAT	0.795127	0.775265
SIRT2	GPBP1L1	0.795364	0.775613
ATP6V1C1	RNF167	0.795399	0.775986
PPA2	IGSF11	0.795902	0.776108
ATP6V1H	SLC30A9	0.796048	0.776153
UAP1L1	POLR2E	0.796051	0.77632
TOM1L2	TRIM44	0.796283	0.776351
TPD52	TRIP6	0.796308	0.776972
CAPN2	ZNF503	0.796842	0.777052
SERBP1	LTBR	0.796989	0.777448
AP1S1	HMGCS1	0.797225	0.777926
TIMM50	TMCO1	0.797903	0.778225
DNAJC13	DGKZ	0.798131	0.778439
HNRNPUL1	MTUS1	0.798525	0.778657
PPP5C	GOLGA4	0.799353	0.779567
PSMB3	TSPAN1	0.799495	0.779666
USO1	HIPK3	0.799527	0.779709
CD9	GPM6A	0.799833	0.779857
CDC37	DUSP1	0.799864	0.779947
CNPY2	MBD2	0.800025	0.780041
GLO1	CMIP	0.800027	0.780601
MFF	WDTC1	0.800111	0.780603
H1-0	CXCL12	0.800183	0.780733
NAP1L4	TRAK2	0.800931	0.781306
SNRNP70	POLR2B	0.800959	0.781586
SGTA	YIF1A	0.80108	0.781612
PMPCA	SURF1	0.801164	0.781778
SEC24C	UBL3	0.801713	0.781843
BCKDHB	KRTCAP2	0.802202	0.782476
BCAT2	ABCF1	0.802341	0.782584
AP3D1	RPL7L1	0.802668	0.783065
STXBP2	MORF4L2	0.803196	0.783467
CSTB	NCAPH2	0.803535	0.783848
MPRIP	PPIC	0.803789	0.783908
CAB39	AZIN1	0.8038	0.784114
USP5	PAIP1	0.803947	0.784143
MYO18A	PRKCZ	0.804109	0.784602
USP7	ALKBH5	0.80415	0.784716
AMT	LRRC19	0.80455	0.784813
PDK3	EIF4G3	0.804556	0.784825
CDV3	SLC25A23	0.805137	0.785334
DAD1	PDE8A	0.805153	0.786976
TOLLIP	S100A1	0.805563	0.787527
LRRC59	RNPEPL1	0.805771	0.787589
AP1G1	TMEM9B	0.806056	0.788205
RAD23B	SCAND1	0.806223	0.78845
PDCD6	ZMIZ2	0.806252	0.788571
PSMB2	SFT2D2	0.80629	0.78882
SF1	KLF15	0.806695	0.789301
PA2G4	VEGFB	0.806776	0.789612
GNAI3	XPOT	0.806851	0.790028
FERMT2	CCNY	0.806894	0.790109
CAPZA2	GET4	0.806931	0.791401
GLMP	FAM20B	0.807093	0.791585
PDXDC1	RABGGTB	0.807116	0.791827
COPS2	CSNK1G2	0.80728	0.791978
VDAC3	CTDNEP1	0.807409	0.791996
PSMA3	ARRDC3	0.807518	0.792699
PAPSS1	KIFC3	0.807658	0.79281
VIL1	BAP1	0.808158	0.792865
DBNL	ALAS1	0.808802	0.793509
TRIM28	SLC39A1	0.809395	0.793854
DLAT	CRIM1	0.809743	0.7945
LMAN1	AGA	0.810002	0.794697
AGPAT2	BICC1	0.810004	0.79484
CLIC1	USP19	0.810106	0.795158
WASL	CD82	0.810235	0.795338
OTUB1	LPCAT3	0.810243	0.795562
COPZ1	ZNF106	0.810368	0.796149
IPO7	MAEA	0.810389	0.796446
CPD	NTN4	0.810588	0.797222
AFG3L2	MGST1	0.810792	0.797269
PIGT	HOOK2	0.810852	0.797312
PSMA6	SNX29	0.810917	0.797442
IGF2R	MMADHC	0.810952	0.797844
RAB6A	KCNJ1	0.811051	0.798208
MRPL20	USF2	0.811057	0.798544
SUGCT	HNRNPA0	0.811457	0.79864
CLINT1	TSPO	0.811584	0.79873
ERP44	DHCR24	0.812067	0.79936
PPM1B	RNF13	0.81256	0.799465
VAPB	VTI1B	0.812708	0.799475
SACM1L	GDE1	0.813015	0.799531
PSMD7	TRAPPC2L	0.81315	0.799929
DNM2	AS3MT	0.813403	0.800468
NDUFB6	IL6ST	0.813657	0.800641
PSMD6	PBXIP1	0.813781	0.800742
RNF114	TMEM106B	0.813947	0.800885
NPTN	BRD2	0.813967	0.80141
SNRNP200	PERP	0.81505	0.801438
HNRNPM	PHLDB2	0.815142	0.801498
OPLAH	NCOR1	0.815262	0.80163
RAB18	ITGB8	0.815283	0.801682
ANXA11	TRPC4AP	0.815556	0.801958
NPC2	PPP6R3	0.815771	0.802081
PSMC6	MAZ	0.815856	0.802191
CUL3	DRAP1	0.816218	0.802582
RTCB	STUB1	0.816398	0.803429
HGS	RMND5A	0.816662	0.803467
CLPP	BHMT2	0.816995	0.80349
TNPO1	ZFP36L2	0.817086	0.803499
FAHD2A	OGT	0.817159	0.80355
LARP1	CD36	0.81736	0.804408
GSTO1	TMEM50A	0.817915	0.804622
LRRK2	ADAM9	0.817941	0.805199
KPNB1	MTURN	0.817955	0.80547
PEX19	HECTD1	0.818132	0.805513
CLIC4	SLC12A7	0.818289	0.805694
NDUFB4	PRRC2A	0.818478	0.80574
MCEE	NR1D2	0.81882	0.805775
CRK	SUMF1	0.819164	0.805872
ACOX2	CSNK1D	0.819351	0.806069
FHL1	CTSF	0.819537	0.807135
PDXK	ARHGAP24	0.819803	0.807291
ASPA	ELOVL1	0.819946	0.80767
ETHE1	ZFAND3	0.819984	0.807761
TMSB10	ZC3H7B	0.820234	0.807858
DHX9	BCAR1	0.820479	0.808598
HEXA	LAMTOR2	0.820513	0.808732
PSMC4	TRIP12	0.820785	0.80927
LAMTOR1	UBE3B	0.820843	0.809414
TIMM13	DERL1	0.820994	0.809703
GCLM	TP53BP2	0.821078	0.809948
RAP1B	CLSTN1	0.821156	0.810006
UBXN4	CITED2	0.821354	0.810168
SBDS	PIP4K2C	0.822031	0.810347
NIT1	MAP1LC3A	0.822414	0.811339
PFDN1	CPE	0.82267	0.811723
FLNB	WWTR1	0.822866	0.812051
GLRX3	TPCN1	0.823249	0.812107
NAPA	NR1H2	0.823767	0.812198
HNRNPC	NFIC	0.824259	0.81224
CALU	PAM	0.824275	0.812318
ARFGEF1	PTP4A2	0.824338	0.812389
RAD23A	TNFRSF21	0.824556	0.812611
TXNDC5	SON	0.824678	0.812897
LAMB1	CDK16	0.825348	0.813564
DCTN1	CHMP5	0.825632	0.813592
SNRPB	GABARAPL2	0.82586	0.814216
MFGE8	DCAF11	0.826772	0.814391
CMPK1	CUL1	0.826897	0.814738
GRPEL1	FMO5	0.827302	0.814806
RAB14	TRPV4	0.827942	0.815056
TPM4	YPEL3	0.828239	0.815778
WDR1	ZFP36L1	0.828712	0.816167
SPG7	ATXN7L3B	0.828743	0.8165
PPP2CA	PUM2	0.829827	0.816518
SFPQ	ATRAID	0.829968	0.817173
PNP	PPP2CB	0.82997	0.818211
RRBP1	PPP6R1	0.829998	0.818453
NDUFS4	TEX2	0.83002	0.818544
LRPPRC	COL4A4	0.830449	0.818743
EEF1D	SLC43A2	0.83068	0.818968
CLPX	SLC13A1	0.831316	0.819302
LAD1	ZDHHC5	0.831397	0.819516
PSMD1	HS6ST1	0.831513	0.820462
PUF60	SRRM2	0.831814	0.820616
TTC38	FZD4	0.832082	0.821181
DBT	AZGP1	0.832113	0.82126
ANP32A	TRAM1	0.832542	0.821666
NDUFAB1	NDUFC1	0.832577	0.821784
PSMD12	GAK	0.832966	0.822032
SUMO2	SLC1A1	0.833244	0.82463
DYNC1H1	ABHD16A	0.83396	0.824777
AGXT2	WSB2	0.834128	0.825052
NDUFA2	LGR4	0.834227	0.825313
GLYCTK	CENPB	0.83438	0.825555
CYP27A1	SLC2A2	0.834625	0.826227
SH3BGRL3	GRSF1	0.834771	0.826235
TMED9	FDX1	0.835031	0.826538
SCRN2	SPINT1	0.835182	0.826686
RAB10	YME1L1	0.835398	0.826932
STT3B	BABAM1	0.835608	0.827468
MSRA	SMARCA2	0.835901	0.827582
GALM	CSNK1A1	0.836087	0.828025
SNX1	CCDC107	0.836737	0.828282
PXN	COL4A3	0.83676	0.828692
FAM151A	CCS	0.836817	0.828916
NDUFA7	LZTR1	0.836909	0.82898
COA3	AACS	0.836922	0.829074
ACAD9	ARHGEF12	0.83719	0.829495
KLC4	CIB1	0.837235	0.829668
HNRNPH1	TRABD2B	0.837243	0.829745
LETM1	NCSTN	0.837243	0.830538
MAPK3	GNA12	0.838045	0.831414
ACTR1A	CYFIP2	0.838154	0.831454
TMED10	AKT1	0.838473	0.831496
GAA	MGAT1	0.838656	0.831808
PSME3	DNAJC12	0.838747	0.83203
ACMSD	RXRA	0.840049	0.832031
ANP32B	UBXN1	0.840734	0.83212
SEC31A	MICU2	0.840924	0.832274
RALY	PAFAH2	0.841478	0.832385
NQO1	KIF1C	0.84149	0.832798
AHSA1	CHMP1A	0.841593	0.833108
SAR1B	POLR2M	0.841759	0.833315
SNX2	ARL1	0.841884	0.834507
ACLY	NPNT	0.842106	0.834773
CISD1	SGK1	0.842142	0.834848
COASY	SFRP1	0.842158	0.835103
CHCHD3	TMEM9	0.842178	0.835117
AP1B1	SLC6A13	0.842239	0.835397
RBM47	PNPLA2	0.842758	0.835971
CORO1B	SLC38A10	0.842979	0.836157
ATOX1	SNX17	0.843045	0.836462
NAGA	BNIP3L	0.84305	0.836835
PSMA2	TMEM213	0.843338	0.836933
SPAG9	SETD3	0.843363	0.837916
PSMA1	SLC16A2	0.843585	0.838768
HNRNPA3	KDELR2	0.844348	0.838783
NDUFA5	PCBP4	0.844436	0.838902
ACSL5	ERICH4	0.844939	0.839174
MPDU1	MAP2K2	0.845014	0.839329
IK	METTL9	0.845049	0.839795
FKBP9	MAP7	0.845191	0.840188
UBE2M	PNRC2	0.845334	0.840312
MTCH2	CYP24A1	0.845369	0.840551
SEC61A1	MBD3	0.845695	0.841627
FABP3	ITPR1	0.845848	0.841809
SUMO1	PPARA	0.846052	0.842533
ACE2	GOLPH3	0.846102	0.843326
ADD1	STARD10	0.8464	0.843414
SERPINH1	ACTR1B	0.846478	0.843486
H6PD	GUCD1	0.846581	0.843553
PSMD13	FBXW5	0.846935	0.843572
ARPC5	SRP14	0.846938	0.843637
GLS	CDIPT	0.847037	0.843766
ADD3	EMC3	0.847189	0.844081
PEX5	NR2F6	0.847227	0.844348
MME	THNSL2	0.84771	0.84462
ARCN1	FURIN	0.847863	0.844948
RTN4	REN	0.847961	0.844963
MCCC1	PKD2	0.848175	0.845159
LAMTOR5	OAZ2	0.848298	0.845806
ATP6V1F	UBE2R2	0.848418	0.845893
VPS35	ABHD2	0.84853	0.84605
RBBP7	GRAMD1B	0.84888	0.846415
EIF3M	BAG6	0.84902	0.84643
NDUFA11	DDR1	0.849257	0.846453
ETF1	PAPOLA	0.849461	0.846573
LPGAT1	YIPF3	0.849725	0.846683
GCLC	BHLHE40	0.849737	0.84682
DAG1	GPR137B	0.849784	0.846873
COBLL1	GINM1	0.849893	0.847193
SDF4	DCAF8	0.850269	0.847267
EPS8L2	UCK1	0.850566	0.847305
RENBP	NISCH	0.850789	0.847707
AMDHD2	JAK1	0.851176	0.847801
HSD17B10	DEF8	0.85124	0.847912
ACSS1	PTPRF	0.851443	0.848487
RPS15A	GJB1	0.851733	0.848754
FAHD1	NDUFB3	0.85243	0.848942
FKBP2	TMEM252	0.852497	0.848951
PLIN2	UBE2D3	0.852548	0.849006
PSMB6	MSRB1	0.853359	0.849551
OCIAD1	DNAJC22	0.853686	0.849949
AUP1	PIGQ	0.854087	0.850267
CSRP1	NCOA4	0.854122	0.851339
POR	SRSF6	0.855035	0.851659
SF3B1	TMEM106A	0.855066	0.85216
APEH	USP8	0.855684	0.853157
ACAT2	RSRP1	0.856367	0.853206
SNX9	ABHD17A	0.856779	0.853406
GSPT1	MPC2	0.857129	0.854144
ENG	MAPKAPK2	0.857137	0.854172
VAPA	EPS8	0.857233	0.854325
MTOR	SLC44A4	0.857562	0.855596
GFM1	HOXD8	0.857743	0.857088
SCPEP1	AAMP	0.857768	0.857695
DCTN2	GRB7	0.858022	0.85801
C1QBP	OSBPL9	0.857961	0.858012
MSN	PDK2	0.858124	0.85802
GDI1	GLYR1	0.859423	0.859675
NDRG2	CMTM6	0.860212	0.859788
NAP1L1	F11R	0.860291	0.85984
PDCD6IP	TFCP2L1	0.860314	0.859966
NDUFA6	TOMM22	0.860328	0.860143
STX7	STARD7	0.861004	0.8605
NUDC	RAB11A	0.861403	0.861128
GPS1	ENPP5	0.861946	0.861191
PSMA7	PGPEP1	0.861957	0.861202
CRYAB	RHOB	0.861994	0.861767
GSR	GALNS	0.863001	0.862867
MTPN	TMBIM4	0.863133	0.863001
ARPC1A	MGRN1	0.863476	0.863683
JUP	CXXC5	0.863927	0.863832
HNRNPL	PANK1	0.864413	0.864414
COL18A1	ID2	0.864931	0.865158
EIF3I	PAIP2	0.86569	0.865545
IDH3A	ATXN10	0.865749	0.865551
RAB5B	SLC25A30	0.866343	0.866493
SEC13	EVC	0.86706	0.86665
COPB1	SLC16A4	0.867278	0.86669
COL4A2	SHISA5	0.867767	0.866914
CCT7	ADTRP	0.868047	0.867159
SNX5	TMX2	0.868569	0.867555
SCAMP2	PI4KA	0.868632	0.867842
EIF3A	BRK1	0.869582	0.869762
GIPC2	NFE2L2	0.870692	0.870718
SPR	WNK4	0.871517	0.871604
PTBP1	TEX264	0.871742	0.87179
GCAT	LAPTM4B	0.872063	0.87208
ASPDH	ESRRA	0.87247	0.872527
SF3B2	ITM2C	0.872838	0.872578
TPM3	EPAS1	0.873233	0.873111
GNB2	TMPRSS2	0.873912	0.87334
ALAD	SDC2	0.874034	0.87364
KMO	RGL1	0.874311	0.873758
TLN1	SSR3	0.874654	0.874091
MYL9	TEF	0.874674	0.874492
DDX17	ITFG1	0.87629	0.876234
TXN2	AGPAT3	0.877266	0.877086
PYROXD2	TOMM20	0.877269	0.877465
CSRP2	WLS	0.878026	0.877591
SLC25A10	TMEM259	0.878218	0.877929
HMGB1	MCL1	0.878264	0.877952
DHRS1	WWP1	0.878664	0.878791
GSS	SCNN1A	0.879021	0.878944
NDUFV3	MAF	0.879229	0.878969
GPRC5C	MPC1	0.880435	0.88045
HSDL2	CREG1	0.880498	0.880469
EWSR1	KIDINS220	0.881933	0.882014
PSMC1	EMC10	0.882778	0.882383
EIF3F	GPAM	0.882821	0.882744
TMED2	LY6E	0.883019	0.883008
PRPF8	TBC1D13	0.882989	0.883085
EIF3B	KL	0.883391	0.883414
PFDN5	ERRFI1	0.884439	0.884291
VWA8	KXD1	0.885393	0.885437
TXNRD1	ATF4	0.885599	0.885464
DYNLRB1	WNK1	0.88566	0.885609
GUK1	NFE2L1	0.885985	0.885809
AASS	SLC7A7	0.886086	0.88601
UPB1	FGF1	0.886523	0.886297
GRHPR	UNC119B	0.886612	0.88663
ACSS2	TMEM37	0.887799	0.887965
DNAJA2	SRSF5	0.888555	0.888213
SRSF2	HNF1B	0.888593	0.888261
CD151	CTDSP2	0.88866	0.88872
TXNDC17	GLIS2	0.888816	0.888811
ECHDC2	PLEKHB2	0.888993	0.889172
QPRT	ARF3	0.889612	0.889623
RAN	SLC7A8	0.889697	0.889839
HPD	DDRGK1	0.891738	0.89162
ACSM5	ADI1	0.891977	0.892197
ADK	CLDN10	0.892769	0.892269
WFDC2	XBP1	0.893106	0.893244
M6PR	SERP1	0.893707	0.893827
UGP2	GHR	0.894167	0.894246
KIF12	RAD21	0.894769	0.894714
SLC25A13	TCF25	0.894535	0.895008
FKBP1A	CTDSP1	0.895797	0.895132
SUCLA2	ERGIC3	0.896195	0.896184
PSMB1	CLPTM1L	0.89659	0.896847
ATP6V1B1	TM7SF3	0.897878	0.897783
AHCYL1	SLC67A1	0.898058	0.897916
ERLIN2	RABAC1	0.89906	0.898916
NDUFB10	CDKL1	0.90008	0.900136
PACSIN2	SARAF	0.900284	0.90016
CAP1	SGK2	0.900453	0.900232
HNRNPA1	ENPP2	0.90142	0.901196
GNAI2	RER1	0.901838	0.901776
BCAM	SLC7A9	0.901958	0.901933
DPEP1	COL4A1	0.90259	0.902618
TM9SF3	SLC16A9	0.903551	0.903432
LONP1	VEGFA	0.904284	0.904655
ATP6V0D1	LRP10	0.905317	0.905062
SPTAN1	ADIPOR1	0.905417	0.905147
CLUH	TAX1BP1	0.906356	0.906423
NUCB1	AQP3	0.906505	0.906501
TALDO1	NBR1	0.9081	0.907974
PDHB	KCNJ15	0.908295	0.908147
SURF4	CHP1	0.909119	0.908753
HNRNPF	FUCA2	0.909654	0.909593
ST13	ATP6V0B	0.910046	0.910227
CCT8	SLC31A1	0.911033	0.910753
NDUFB8	EIF4EBP2	0.911411	0.911563
RHOA	SAMM50	0.912102	0.912367
ENPEP	MTCH1	0.912724	0.912397
PHB2	PSMB7	0.912923	0.912443
RPS20	POLDIP2	0.913395	0.913454
RAC1	VDR	0.913382	0.91347
TUBA4A	CCND1	0.914986	0.914825
PSMA4	OS9	0.915006	0.914916
HYKK	MKNK2	0.915276	0.915221
DDOST	MLF2	0.915905	0.915758
AIFM1	CALM3	0.91624	0.916091
ASL	PPDPF	0.91641	0.916456
HSBP1	TMEM52B	0.918228	0.918222
SLC23A1	ATP6AP2	0.918233	0.91833
PICALM	NDFIP1	0.919285	0.919325
NDUFA9	SSR2	0.919202	0.919326
COMT	CYSTM1	0.9195	0.919508
PCYT2	SPARC	0.920928	0.920936
PPP2R1A	PPP1CA	0.921759	0.921721
CCT5	MGAT4B	0.922721	0.922622
NDUFS3	TSPAN3	0.924827	0.924799
ESD	TPP1	0.925085	0.925214
ECHS1	EEF1B2	0.925487	0.925469
SLC25A1	GLUL	0.925946	0.925897
RTN3	MAL	0.92782	0.927735
SLC22A13	RNF10	0.927623	0.927753
TUFM	WWC1	0.928526	0.928588
RPL21	SEC62	0.928791	0.92929
RPL18	CDHR5	0.930379	0.930317
FIS1	TINAG	0.930688	0.930766
COQ9	KCNK5	0.930871	0.930831
GSTK1	TSC22D1	0.93095	0.930856
SOD2	FKBP8	0.9312	0.93132
EIF3L	NADK	0.931934	0.931896
RPL35A	IGFBP3	0.932605	0.932545
CNN3	SPINT2	0.934233	0.934217
XYLB	CHD3	0.934978	0.935036
RPS12	AQP2	0.935154	0.935143
CISD3	SERINC1	0.935441	0.93546
HSD11B1	NOX4	0.935508	0.936169
GRN	HERPUD1	0.937239	0.937222
HAAO	SMIM24	0.938393	0.938331
TUBB4B	RAB11FIP3	0.938421	0.938517
PROC	ATP6AP1	0.939586	0.939364
HSD11B2	ODC1	0.939105	0.939623
NPM1	CCNG1	0.941507	0.94148
NUDT19	CTSA	0.941869	0.941961
AP2M1	PKP4	0.942089	0.942098
EIF3H	PRELID1	0.943414	0.943194
FH	PRNP	0.944322	0.944273
CTH	BNIP3	0.944366	0.944436
IDH3G	PRSS8	0.945609	0.945479
HAGH	ABCA3	0.945718	0.945791
SUCLG1	IGFBP5	0.945255	0.945866
EDF1	ENTPD5	0.947046	0.946303
GSTP1	ATP6V1G1	0.949604	0.949577
DDAH1	CERS2	0.951701	0.951814
CYB5A	GABARAPL1	0.954356	0.954354
RPL10A	ATP6V0C	0.955891	0.955881
CRYL1	SERINC3	0.956557	0.956482
CPT1A	PLAU	0.956998	0.956875
RPL27	OAZ1	0.958263	0.958396
RPS27A	CD164	0.958769	0.95872
SLC25A4	RPL37	0.958976	0.959063
CYC1	FAH	0.959802	0.959973
SUCLG2	SLC6A19	0.96102	0.961133
RPS10	KCNJ16	0.961861	0.961896
CALB1	GALNT11	0.96486	0.964827
SELENBP1	SLC25A39	0.965216	0.964901
DSTN	GAS6	0.965469	0.965295
IDH1	PINK1	0.965829	0.96593
ALDH8A1	APLP2	0.966669	0.966874
RPS9	C11ORF54	0.967136	0.966935
EPHX2	CCNI	0.967284	0.96732
RPS18	SLC12A3	0.967693	0.967735
VDAC1	TMEM174	0.96859	0.968577
COX5B	CLDN2	0.969328	0.969348
HIBADH	EIF1	0.970488	0.97058
MDH2	TXNIP	0.970978	0.97099
SLC12A1	PTH1R	0.971074	0.971083
SLC6A18	HPN	0.971344	0.971153
IDH2	SEPHS2	0.971611	0.971684
UQCRC2	ACAA2	0.97263	0.972545
GCDH	IGFBP4	0.972833	0.972839
UQCRC1	ATP11A	0.973293	0.973289
PC	SLC17A1	0.973365	0.973408
CHCHD10	RPS14	0.974995	0.975061
RPL6	GRINA	0.975367	0.975274
TPI1	CHCHD2	0.976753	0.976776
LRPAP1	FAU	0.976907	0.976852
BCKDHA	SLC13A3	0.977867	0.977855
EHHADH	EGF	0.97837	0.978326
RPS6	SLC22A1	0.978409	0.978674
RPSA	ACTB	0.9811	0.981235
ALDH2	KIAA1191	0.981835	0.981738
FBP1	B2M	0.981573	0.981915
AKR1A1	SQSTM1	0.982312	0.982265
RPL7	HNF4A	0.983104	0.982854
MDH1	APP	0.985229	0.985225
NDRG1	TCN2	0.989262	0.989484
CTSD	SLC22A6	0.990353	0.99039
AQP1	PDZK1IP1	0.993275	0.993171
ACADM	UBB	0.993632	0.993697
LDHB	ITM2B	0.995567	0.995778
PSAP	TMBIM6	0.997888	0.997853
ATP1A1	SLC34A1	0.99898	0.999331
