a	b	class	same_dataset	D_rho (1-Spearman)	D_cos (1-cos)	D_nrm (|log2 norm ratio|)
cat_CKD12	cat_CKD34	within species	True	0.1558	0.124	0.6833
cat_CKD12	cat_med_CKD12	within species	True	0.2528	0.2774	1.1109
cat_CKD12	cat_med_CKD34	within species	True	0.2438	0.237	0.8912
cat_CKD12	mouse_5D	cross species	False	0.7823	0.8578	0.0783
cat_CKD12	mouse_2W	cross species	False	0.6328	0.7409	1.1845
cat_CKD12	mouse_3W	cross species	False	0.6347	0.7468	0.654
cat_CKD12	IRI_2h	cross species	False	0.781	0.8101	0.25
cat_CKD12	IRI_4h	cross species	False	0.7803	0.8023	0.1985
cat_CKD12	IRI_24h	cross species	False	0.6356	0.7195	0.8251
cat_CKD12	IRI_48h	cross species	False	0.6485	0.6752	0.6975
cat_CKD12	IRI_72h	cross species	False	0.6728	0.6826	0.5875
cat_CKD12	IRI_7d	cross species	False	0.5632	0.6361	0.7186
cat_CKD12	IRI_14d	cross species	False	0.632	0.6715	0.6783
cat_CKD12	IRI_28d	cross species	False	0.6809	0.7004	0.1158
cat_CKD12	IRI_12mo	cross species	False	0.5537	0.5735	0.6345
cat_CKD34	cat_med_CKD12	within species	True	0.2423	0.266	0.4276
cat_CKD34	cat_med_CKD34	within species	True	0.2644	0.1761	0.208
cat_CKD34	mouse_5D	cross species	False	0.699	0.7359	0.7616
cat_CKD34	mouse_2W	cross species	False	0.562	0.637	0.5012
cat_CKD34	mouse_3W	cross species	False	0.6072	0.6734	0.0293
cat_CKD34	IRI_2h	cross species	False	0.8563	0.862	0.4332
cat_CKD34	IRI_4h	cross species	False	0.7654	0.7644	0.4848
cat_CKD34	IRI_24h	cross species	False	0.5827	0.6204	0.1419
cat_CKD34	IRI_48h	cross species	False	0.6334	0.6153	0.0142
cat_CKD34	IRI_72h	cross species	False	0.6246	0.5922	0.0958
cat_CKD34	IRI_7d	cross species	False	0.5889	0.6074	0.0354
cat_CKD34	IRI_14d	cross species	False	0.6536	0.6739	0.0049
cat_CKD34	IRI_28d	cross species	False	0.6094	0.6423	0.5675
cat_CKD34	IRI_12mo	cross species	False	0.6636	0.6432	1.3178
cat_med_CKD12	cat_med_CKD34	within species	True	0.3007	0.2357	0.2196
cat_med_CKD12	mouse_5D	cross species	False	0.7485	0.8408	1.1892
cat_med_CKD12	mouse_2W	cross species	False	0.5686	0.675	0.0736
cat_med_CKD12	mouse_3W	cross species	False	0.5875	0.6723	0.4569
cat_med_CKD12	IRI_2h	cross species	False	0.7956	0.8633	0.8608
cat_med_CKD12	IRI_4h	cross species	False	0.745	0.8054	0.9124
cat_med_CKD12	IRI_24h	cross species	False	0.6045	0.6696	0.2857
cat_med_CKD12	IRI_48h	cross species	False	0.6219	0.655	0.4134
cat_med_CKD12	IRI_72h	cross species	False	0.6232	0.6631	0.5234
cat_med_CKD12	IRI_7d	cross species	False	0.5585	0.6734	0.3922
cat_med_CKD12	IRI_14d	cross species	False	0.6075	0.7143	0.4325
cat_med_CKD12	IRI_28d	cross species	False	0.5941	0.6987	0.9951
cat_med_CKD12	IRI_12mo	cross species	False	0.6281	0.7195	1.7454
cat_med_CKD34	mouse_5D	cross species	False	0.7513	0.7351	0.9695
cat_med_CKD34	mouse_2W	cross species	False	0.636	0.6373	0.2933
cat_med_CKD34	mouse_3W	cross species	False	0.5942	0.6245	0.2372
cat_med_CKD34	IRI_2h	cross species	False	0.7202	0.7609	0.6412
cat_med_CKD34	IRI_4h	cross species	False	0.7384	0.7505	0.6928
cat_med_CKD34	IRI_24h	cross species	False	0.6572	0.649	0.0661
cat_med_CKD34	IRI_48h	cross species	False	0.5611	0.5621	0.1937
cat_med_CKD34	IRI_72h	cross species	False	0.6124	0.5765	0.3038
cat_med_CKD34	IRI_7d	cross species	False	0.5116	0.5634	0.1726
cat_med_CKD34	IRI_14d	cross species	False	0.6166	0.6404	0.2129
cat_med_CKD34	IRI_28d	cross species	False	0.742	0.7161	0.7754
cat_med_CKD34	IRI_12mo	cross species	False	0.467	0.5672	1.5258
mouse_5D	mouse_2W	within species	True	0.3676	0.3383	1.2628
mouse_5D	mouse_3W	within species	True	0.3922	0.3465	0.7323
mouse_5D	IRI_2h	within species	False	1.0318	0.9155	0.3283
mouse_5D	IRI_4h	within species	False	0.7378	0.658	0.2768
mouse_5D	IRI_24h	within species	False	0.4629	0.4803	0.9034
mouse_5D	IRI_48h	within species	False	0.465	0.4588	0.7758
mouse_5D	IRI_72h	within species	False	0.3462	0.3453	0.6658
mouse_5D	IRI_7d	within species	False	0.5216	0.4947	0.797
mouse_5D	IRI_14d	within species	False	0.7492	0.7204	0.7566
mouse_5D	IRI_28d	within species	False	0.5727	0.5866	0.1941
mouse_5D	IRI_12mo	within species	False	0.7078	0.7085	0.5562
mouse_2W	mouse_3W	within species	True	0.0878	0.0512	0.5305
mouse_2W	IRI_2h	within species	False	0.8925	0.8807	0.9345
mouse_2W	IRI_4h	within species	False	0.7061	0.7192	0.986
mouse_2W	IRI_24h	within species	False	0.2463	0.2384	0.3594
mouse_2W	IRI_48h	within species	False	0.3335	0.3274	0.487
mouse_2W	IRI_72h	within species	False	0.2573	0.2692	0.597
mouse_2W	IRI_7d	within species	False	0.2141	0.1929	0.4659
mouse_2W	IRI_14d	within species	False	0.3757	0.362	0.5062
mouse_2W	IRI_28d	within species	False	0.2329	0.2248	1.0687
mouse_2W	IRI_12mo	within species	False	0.4708	0.4407	1.819
mouse_3W	IRI_2h	within species	False	0.8943	0.8658	0.404
mouse_3W	IRI_4h	within species	False	0.7094	0.7205	0.4555
mouse_3W	IRI_24h	within species	False	0.313	0.276	0.1711
mouse_3W	IRI_48h	within species	False	0.2715	0.2826	0.0435
mouse_3W	IRI_72h	within species	False	0.2344	0.2474	0.0665
mouse_3W	IRI_7d	within species	False	0.2334	0.2112	0.0646
mouse_3W	IRI_14d	within species	False	0.4434	0.4003	0.0243
mouse_3W	IRI_28d	within species	False	0.3419	0.2943	0.5382
mouse_3W	IRI_12mo	within species	False	0.4062	0.4115	1.2885
IRI_2h	IRI_4h	within species	True	0.4808	0.3615	0.0516
IRI_2h	IRI_24h	within species	True	0.8211	0.8344	0.5751
IRI_2h	IRI_48h	within species	True	0.8285	0.8	0.4475
IRI_2h	IRI_72h	within species	True	0.8343	0.7901	0.3374
IRI_2h	IRI_7d	within species	True	0.664	0.6915	0.4686
IRI_2h	IRI_14d	within species	True	0.3759	0.4192	0.4283
IRI_2h	IRI_28d	within species	True	0.7811	0.7756	0.1342
IRI_2h	IRI_12mo	within species	True	0.6963	0.7306	0.8846
IRI_4h	IRI_24h	within species	True	0.6673	0.6786	0.6267
IRI_4h	IRI_48h	within species	True	0.6705	0.6697	0.499
IRI_4h	IRI_72h	within species	True	0.6255	0.618	0.389
IRI_4h	IRI_7d	within species	True	0.6125	0.6504	0.5202
IRI_4h	IRI_14d	within species	True	0.6759	0.7134	0.4798
IRI_4h	IRI_28d	within species	True	0.7766	0.7666	0.0827
IRI_4h	IRI_12mo	within species	True	0.7165	0.754	0.833
IRI_24h	IRI_48h	within species	True	0.2442	0.1795	0.1276
IRI_24h	IRI_72h	within species	True	0.325	0.2597	0.2377
IRI_24h	IRI_7d	within species	True	0.2586	0.2379	0.1065
IRI_24h	IRI_14d	within species	True	0.421	0.431	0.1468
IRI_24h	IRI_28d	within species	True	0.3426	0.3671	0.7094
IRI_24h	IRI_12mo	within species	True	0.4893	0.4711	1.4597
IRI_48h	IRI_72h	within species	True	0.1507	0.1058	0.11
IRI_48h	IRI_7d	within species	True	0.2522	0.2232	0.0211
IRI_48h	IRI_14d	within species	True	0.4867	0.4483	0.0192
IRI_48h	IRI_28d	within species	True	0.4668	0.4225	0.5817
IRI_48h	IRI_12mo	within species	True	0.3649	0.3672	1.332
IRI_72h	IRI_7d	within species	True	0.2469	0.2048	0.1312
IRI_72h	IRI_14d	within species	True	0.4557	0.4268	0.0908
IRI_72h	IRI_28d	within species	True	0.3936	0.3597	0.4717
IRI_72h	IRI_12mo	within species	True	0.481	0.4295	1.222
IRI_7d	IRI_14d	within species	True	0.2397	0.211	0.0403
IRI_7d	IRI_28d	within species	True	0.2835	0.1957	0.6029
IRI_7d	IRI_12mo	within species	True	0.3038	0.2656	1.3532
IRI_14d	IRI_28d	within species	True	0.2603	0.2258	0.5625
IRI_14d	IRI_12mo	within species	True	0.4404	0.3541	1.3128
IRI_28d	IRI_12mo	within species	True	0.5768	0.3895	0.7503
